{
    "Result": [
        {
            "쌀_일반계(20kg)": [
                47800,
                45820
            ]
        },
        {
            "쌀_햇일반계(20kg) ": [
                0,
                0
            ]
        },
        {
            "찹쌀_일반계(1kg)": [
                4130,
                3760
            ]
        },
        {
            "콩_흰 콩(국산)(500g)": [
                4105,
                7070
            ]
        },
        {
            "팥_붉은 팥(국산)(500g)": [
                7210,
                9206
            ]
        },
        {
            "녹두_국산(500g)": [
                10600,
                17000
            ]
        },
        {
            "고구마_밤(1kg)": [
                4580,
                6698
            ]
        },
        {
            "감자_수미(100g)": [
                342,
                431
            ]
        },
        {
            "배추_가을(1포기)": [
                0,
                0
            ]
        },
        {
            "배추_월동(1포기)": [
                0,
                0
            ]
        },
        {
            "배추_봄(1포기)": [
                0,
                0
            ]
        },
        {
            "배추_고랭지(1포기)": [
                8497,
                6170
            ]
        },
        {
            "양배추_양배추(1포기)": [
                3580,
                3766
            ]
        },
        {
            "시금치_시금치(1kg)": [
                20000,
                37550
            ]
        },
        {
            "상추_적(100g)": [
                1705,
                2280
            ]
        },
        {
            "상추_청(100g)": [
                1705,
                2513
            ]
        },
        {
            "얼갈이배추_얼갈이배추(1kg)": [
                3635,
                5394
            ]
        },
        {
            "갓_갓(1kg)": [
                0,
                0
            ]
        },
        {
            "수박_수박(1개)": [
                0,
                0
            ]
        },
        {
            "참외_참외(10개)": [
                0,
                28240
            ]
        },
        {
            "오이_가시계통(10개)": [
                0,
                23300
            ]
        },
        {
            "오이_다다기계통(10개)": [
                12250,
                14870
            ]
        },
        {
            "오이_취청(10개)": [
                13300,
                18146
            ]
        },
        {
            "호박_애호박(1개)": [
                2330,
                3026
            ]
        },
        {
            "호박_쥬키니(1개)": [
                0,
                4285
            ]
        },
        {
            "토마토_토마토(1kg)": [
                4665,
                7255
            ]
        },
        {
            "딸기_딸기(100g)": [
                0,
                0
            ]
        },
        {
            "무_가을(1개)": [
                0,
                0
            ]
        },
        {
            "무_월동(1개)": [
                0,
                0
            ]
        },
        {
            "무_봄(1개)": [
                0,
                0
            ]
        },
        {
            "무_고랭지(1개)": [
                3330,
                2831
            ]
        },
        {
            "당근_무세척(1kg)": [
                2787,
                4396
            ]
        },
        {
            "열무_열무(1kg)": [
                3995,
                5244
            ]
        },
        {
            "건고추_화건(600g)": [
                0,
                0
            ]
        },
        {
            "건고추_양건(600g)": [
                18300,
                0
            ]
        },
        {
            "풋고추_풋고추(100g)": [
                0,
                1884
            ]
        },
        {
            "풋고추_꽈리고추(100g)": [
                1105,
                2100
            ]
        },
        {
            "풋고추_청양고추(100g)": [
                915,
                1224
            ]
        },
        {
            "붉은고추_붉은고추(100g)": [
                885,
                1984
            ]
        },
        {
            "양파_양파(1kg)": [
                2137,
                2542
            ]
        },
        {
            "파_대파(1kg)": [
                2912,
                3834
            ]
        },
        {
            "파_쪽파(1kg)": [
                6065,
                12538
            ]
        },
        {
            "생강_국산(1kg)": [
                5707,
                9170
            ]
        },
        {
            "고춧가루_국산(1kg)": [
                33450,
                29895
            ]
        },
        {
            "미나리_미나리(100g)": [
                1200,
                1990
            ]
        },
        {
            "깻잎_깻잎(100g)": [
                1970,
                3254
            ]
        },
        {
            "피망_청(100g)": [
                700,
                1272
            ]
        },
        {
            "파프리카_파프리카(200g)": [
                1915,
                2272
            ]
        },
        {
            "멜론_멜론(1개)": [
                8995,
                10290
            ]
        },
        {
            "깐마늘(국산)_깐마늘(국산)(1kg)": [
                9915,
                13482
            ]
        },
        {
            "방울토마토_방울토마토(1kg)": [
                0,
                9200
            ]
        },
        {
            "방울토마토_대추방울토마토(1kg)": [
                6790,
                10196
            ]
        },
        {
            "참깨_백색(국산)(500g)": [
                15100,
                24100
            ]
        },
        {
            "땅콩_국산(100g)": [
                1770,
                3160
            ]
        },
        {
            "느타리버섯_느타리버섯(100g)": [
                1200,
                1740
            ]
        },
        {
            "느타리버섯_애느타리버섯(100g)": [
                490,
                590
            ]
        },
        {
            "팽이버섯_팽이버섯(150g)": [
                580,
                600
            ]
        },
        {
            "새송이버섯_새송이버섯(100g)": [
                530,
                561
            ]
        },
        {
            "호두_수입(100g)": [
                1635,
                1506
            ]
        },
        {
            "아몬드_수입(100g)": [
                1450,
                1436
            ]
        },
        {
            "사과_후지(10개)": [
                28325,
                0
            ]
        },
        {
            "사과_쓰가루(10개)": [
                0,
                0
            ]
        },
        {
            "사과_홍로(10개)": [
                0,
                0
            ]
        },
        {
            "배_신고(10개)": [
                31425,
                41325
            ]
        },
        {
            "배_원황(10개)": [
                0,
                0
            ]
        },
        {
            "복숭아_백도(10개)": [
                0,
                22647
            ]
        },
        {
            "포도_캠벨얼리(1kg)": [
                12400,
                11100
            ]
        },
        {
            "포도_거봉(2kg)": [
                0,
                32760
            ]
        },
        {
            "포도_MBA(1kg)": [
                0,
                0
            ]
        },
        {
            "포도_샤인머스켓(2kg)": [
                35000,
                48622
            ]
        },
        {
            "포도_레드글로브 페루(1kg)": [
                0,
                0
            ]
        },
        {
            "감귤_노지(10개)": [
                0,
                0
            ]
        },
        {
            "감귤_시설(10개)": [
                0,
                0
            ]
        },
        {
            "단감_단감(10개)": [
                0,
                0
            ]
        },
        {
            "바나나_수입(100g)": [
                295,
                370
            ]
        },
        {
            "참다래_그린 뉴질랜드(10개)": [
                0,
                8823
            ]
        },
        {
            "참다래_국산(10개)": [
                0,
                0
            ]
        },
        {
            "파인애플_수입(1개)": [
                5500,
                6980
            ]
        },
        {
            "오렌지_네이블 미국(10개)": [
                0,
                0
            ]
        },
        {
            "오렌지_네이블 호주(10개)": [
                0,
                0
            ]
        },
        {
            "레몬_수입(10개)": [
                6350,
                9543
            ]
        },
        {
            "체리_수입(100g)": [
                2125,
                2501
            ]
        },
        {
            "건포도_수입(100g)": [
                0,
                0
            ]
        },
        {
            "건블루베리_수입(100g)": [
                0,
                0
            ]
        },
        {
            "망고_수입(1개)": [
                0,
                0
            ]
        },
        {
            "고등어_생선(1마리)": [
                0,
                0
            ]
        },
        {
            "고등어_냉동(1마리)": [
                0,
                0
            ]
        },
        {
            "고등어_염장(2마리)": [
                4750,
                0
            ]
        },
        {
            "꽁치_냉동(수입)(5마리)": [
                0,
                6196
            ]
        },
        {
            "갈치_생선(1마리)": [
                0,
                0
            ]
        },
        {
            "갈치_냉동(1마리)": [
                0,
                0
            ]
        },
        {
            "명태_냉동(1마리)": [
                0,
                0
            ]
        },
        {
            "물오징어_생선(1마리)": [
                0,
                0
            ]
        },
        {
            "물오징어_냉동(1마리)": [
                0,
                0
            ]
        },
        {
            "건멸치_건멸치(100g)": [
                1780,
                2783
            ]
        },
        {
            "건오징어_건오징어(10마리)": [
                52467,
                77150
            ]
        },
        {
            "김_마른김(10장)": [
                793,
                1260
            ]
        },
        {
            "김_얼구운김(10장)": [
                1107,
                1894
            ]
        },
        {
            "건미역_건미역(100g)": [
                1750,
                3534
            ]
        },
        {
            "굴_굴(1kg)": [
                0,
                0
            ]
        },
        {
            "수입조기_부세수입(냉동)(1마리)": [
                3583,
                3888
            ]
        },
        {
            "새우젓_새우젓(1kg)": [
                17467,
                20357
            ]
        },
        {
            "멸치액젓_멸치액젓(1kg)": [
                5317,
                5004
            ]
        },
        {
            "굵은소금_굵은소금(5kg)": [
                8800,
                14080
            ]
        },
        {
            "전복_전복(5마리)": [
                12950,
                16933
            ]
        },
        {
            "새우_흰다리(수입)(10마리)": [
                4840,
                4900
            ]
        }
    ]
}