{
    "Result": [
        {
            "쌀_일반계(20kg)": [
                52424,
                46848
            ]
        },
        {
            "쌀_햇일반계(20kg) ": [
                0,
                0
            ]
        },
        {
            "찹쌀_일반계(1kg)": [
                3993,
                3761
            ]
        },
        {
            "콩_흰 콩(국산)(500g)": [
                4152,
                6329
            ]
        },
        {
            "팥_붉은 팥(국산)(500g)": [
                6624,
                8280
            ]
        },
        {
            "녹두_국산(500g)": [
                10228,
                17800
            ]
        },
        {
            "고구마_밤(1kg)": [
                4660,
                6587
            ]
        },
        {
            "감자_수미(100g)": [
                325,
                418
            ]
        },
        {
            "배추_가을(1포기)": [
                0,
                0
            ]
        },
        {
            "배추_월동(1포기)": [
                0,
                0
            ]
        },
        {
            "배추_봄(1포기)": [
                0,
                0
            ]
        },
        {
            "배추_고랭지(1포기)": [
                7485,
                6368
            ]
        },
        {
            "양배추_양배추(1포기)": [
                3745,
                3437
            ]
        },
        {
            "시금치_시금치(1kg)": [
                13210,
                37348
            ]
        },
        {
            "상추_적(100g)": [
                1427,
                2121
            ]
        },
        {
            "상추_청(100g)": [
                1518,
                2462
            ]
        },
        {
            "얼갈이배추_얼갈이배추(1kg)": [
                3281,
                5538
            ]
        },
        {
            "갓_갓(1kg)": [
                0,
                0
            ]
        },
        {
            "수박_수박(1개)": [
                25170,
                27117
            ]
        },
        {
            "참외_참외(10개)": [
                17420,
                25301
            ]
        },
        {
            "오이_가시계통(10개)": [
                12367,
                20461
            ]
        },
        {
            "오이_다다기계통(10개)": [
                10685,
                11538
            ]
        },
        {
            "오이_취청(10개)": [
                13150,
                18404
            ]
        },
        {
            "호박_애호박(1개)": [
                2084,
                2771
            ]
        },
        {
            "호박_쥬키니(1개)": [
                1928,
                4344
            ]
        },
        {
            "토마토_토마토(1kg)": [
                4810,
                6772
            ]
        },
        {
            "딸기_딸기(100g)": [
                0,
                0
            ]
        },
        {
            "무_가을(1개)": [
                0,
                0
            ]
        },
        {
            "무_월동(1개)": [
                0,
                0
            ]
        },
        {
            "무_봄(1개)": [
                0,
                0
            ]
        },
        {
            "무_고랭지(1개)": [
                3179,
                2623
            ]
        },
        {
            "당근_무세척(1kg)": [
                2833,
                4415
            ]
        },
        {
            "열무_열무(1kg)": [
                3631,
                5417
            ]
        },
        {
            "건고추_화건(600g)": [
                13863,
                0
            ]
        },
        {
            "건고추_양건(600g)": [
                17338,
                0
            ]
        },
        {
            "풋고추_풋고추(100g)": [
                983,
                1869
            ]
        },
        {
            "풋고추_꽈리고추(100g)": [
                1030,
                2087
            ]
        },
        {
            "풋고추_청양고추(100g)": [
                900,
                1492
            ]
        },
        {
            "붉은고추_붉은고추(100g)": [
                849,
                1991
            ]
        },
        {
            "양파_양파(1kg)": [
                2015,
                2631
            ]
        },
        {
            "파_대파(1kg)": [
                2793,
                3811
            ]
        },
        {
            "파_쪽파(1kg)": [
                6379,
                12208
            ]
        },
        {
            "생강_국산(1kg)": [
                6258,
                10033
            ]
        },
        {
            "고춧가루_국산(1kg)": [
                28629,
                31116
            ]
        },
        {
            "미나리_미나리(100g)": [
                840,
                1990
            ]
        },
        {
            "깻잎_깻잎(100g)": [
                1744,
                2990
            ]
        },
        {
            "피망_청(100g)": [
                727,
                1275
            ]
        },
        {
            "파프리카_파프리카(200g)": [
                1718,
                2472
            ]
        },
        {
            "멜론_멜론(1개)": [
                10789,
                10553
            ]
        },
        {
            "깐마늘(국산)_깐마늘(국산)(1kg)": [
                9844,
                13549
            ]
        },
        {
            "방울토마토_방울토마토(1kg)": [
                0,
                9680
            ]
        },
        {
            "방울토마토_대추방울토마토(1kg)": [
                7699,
                10377
            ]
        },
        {
            "참깨_백색(국산)(500g)": [
                15592,
                22533
            ]
        },
        {
            "땅콩_국산(100g)": [
                1962,
                3105
            ]
        },
        {
            "느타리버섯_느타리버섯(100g)": [
                1036,
                1430
            ]
        },
        {
            "느타리버섯_애느타리버섯(100g)": [
                512,
                623
            ]
        },
        {
            "팽이버섯_팽이버섯(150g)": [
                555,
                617
            ]
        },
        {
            "새송이버섯_새송이버섯(100g)": [
                491,
                559
            ]
        },
        {
            "호두_수입(100g)": [
                1725,
                1590
            ]
        },
        {
            "아몬드_수입(100g)": [
                1450,
                1483
            ]
        },
        {
            "사과_후지(10개)": [
                28187,
                25761
            ]
        },
        {
            "사과_쓰가루(10개)": [
                0,
                0
            ]
        },
        {
            "사과_홍로(10개)": [
                0,
                0
            ]
        },
        {
            "배_신고(10개)": [
                34570,
                41041
            ]
        },
        {
            "배_원황(10개)": [
                0,
                0
            ]
        },
        {
            "복숭아_백도(10개)": [
                19160,
                22025
            ]
        },
        {
            "포도_캠벨얼리(1kg)": [
                9607,
                10778
            ]
        },
        {
            "포도_거봉(2kg)": [
                23700,
                33236
            ]
        },
        {
            "포도_MBA(1kg)": [
                0,
                0
            ]
        },
        {
            "포도_샤인머스켓(2kg)": [
                34229,
                51318
            ]
        },
        {
            "포도_레드글로브 페루(1kg)": [
                0,
                0
            ]
        },
        {
            "감귤_노지(10개)": [
                0,
                0
            ]
        },
        {
            "감귤_시설(10개)": [
                0,
                0
            ]
        },
        {
            "단감_단감(10개)": [
                0,
                0
            ]
        },
        {
            "바나나_수입(100g)": [
                303,
                343
            ]
        },
        {
            "참다래_그린 뉴질랜드(10개)": [
                8041,
                8953
            ]
        },
        {
            "참다래_국산(10개)": [
                0,
                0
            ]
        },
        {
            "파인애플_수입(1개)": [
                5913,
                6440
            ]
        },
        {
            "오렌지_네이블 미국(10개)": [
                0,
                0
            ]
        },
        {
            "오렌지_네이블 호주(10개)": [
                0,
                0
            ]
        },
        {
            "레몬_수입(10개)": [
                7349,
                9597
            ]
        },
        {
            "체리_수입(100g)": [
                2167,
                2574
            ]
        },
        {
            "건포도_수입(100g)": [
                0,
                0
            ]
        },
        {
            "건블루베리_수입(100g)": [
                0,
                0
            ]
        },
        {
            "망고_수입(1개)": [
                0,
                0
            ]
        },
        {
            "고등어_생선(1마리)": [
                0,
                0
            ]
        },
        {
            "고등어_냉동(1마리)": [
                0,
                0
            ]
        },
        {
            "고등어_염장(2마리)": [
                3841,
                4875
            ]
        },
        {
            "꽁치_냉동(수입)(5마리)": [
                6655,
                6150
            ]
        },
        {
            "갈치_생선(1마리)": [
                0,
                0
            ]
        },
        {
            "갈치_냉동(1마리)": [
                0,
                0
            ]
        },
        {
            "명태_냉동(1마리)": [
                0,
                0
            ]
        },
        {
            "물오징어_생선(1마리)": [
                0,
                0
            ]
        },
        {
            "물오징어_냉동(1마리)": [
                0,
                0
            ]
        },
        {
            "건멸치_건멸치(100g)": [
                1972,
                3463
            ]
        },
        {
            "건오징어_건오징어(10마리)": [
                53988,
                75178
            ]
        },
        {
            "김_마른김(10장)": [
                848,
                1333
            ]
        },
        {
            "김_얼구운김(10장)": [
                1048,
                1994
            ]
        },
        {
            "건미역_건미역(100g)": [
                1896,
                3727
            ]
        },
        {
            "굴_굴(1kg)": [
                0,
                0
            ]
        },
        {
            "수입조기_부세수입(냉동)(1마리)": [
                3606,
                3853
            ]
        },
        {
            "새우젓_새우젓(1kg)": [
                15286,
                20391
            ]
        },
        {
            "멸치액젓_멸치액젓(1kg)": [
                5404,
                5044
            ]
        },
        {
            "굵은소금_굵은소금(5kg)": [
                7809,
                13386
            ]
        },
        {
            "전복_전복(5마리)": [
                14667,
                16604
            ]
        },
        {
            "새우_흰다리(수입)(10마리)": [
                4817,
                5062
            ]
        }
    ]
}