{
    "Result": [
        {
            "쌀_일반계(20kg)": [
                51600,
                47900
            ]
        },
        {
            "쌀_햇일반계(20kg) ": [
                0,
                0
            ]
        },
        {
            "찹쌀_일반계(1kg)": [
                3500,
                3850
            ]
        },
        {
            "콩_흰 콩(국산)(500g)": [
                3600,
                6485
            ]
        },
        {
            "팥_붉은 팥(국산)(500g)": [
                5600,
                6490
            ]
        },
        {
            "녹두_국산(500g)": [
                9000,
                0
            ]
        },
        {
            "고구마_밤(1kg)": [
                4930,
                6785
            ]
        },
        {
            "감자_수미(100g)": [
                350,
                405
            ]
        },
        {
            "배추_가을(1포기)": [
                0,
                0
            ]
        },
        {
            "배추_월동(1포기)": [
                0,
                0
            ]
        },
        {
            "배추_봄(1포기)": [
                0,
                0
            ]
        },
        {
            "배추_고랭지(1포기)": [
                8390,
                4480
            ]
        },
        {
            "양배추_양배추(1포기)": [
                3665,
                3485
            ]
        },
        {
            "시금치_시금치(1kg)": [
                9000,
                38050
            ]
        },
        {
            "상추_적(100g)": [
                950,
                2315
            ]
        },
        {
            "상추_청(100g)": [
                950,
                2640
            ]
        },
        {
            "얼갈이배추_얼갈이배추(1kg)": [
                2700,
                6440
            ]
        },
        {
            "갓_갓(1kg)": [
                0,
                0
            ]
        },
        {
            "수박_수박(1개)": [
                25950,
                25990
            ]
        },
        {
            "참외_참외(10개)": [
                14000,
                20725
            ]
        },
        {
            "오이_가시계통(10개)": [
                0,
                17450
            ]
        },
        {
            "오이_다다기계통(10개)": [
                0,
                11930
            ]
        },
        {
            "오이_취청(10개)": [
                15000,
                20115
            ]
        },
        {
            "호박_애호박(1개)": [
                1310,
                1610
            ]
        },
        {
            "호박_쥬키니(1개)": [
                1600,
                0
            ]
        },
        {
            "토마토_토마토(1kg)": [
                4750,
                6655
            ]
        },
        {
            "딸기_딸기(100g)": [
                0,
                0
            ]
        },
        {
            "무_가을(1개)": [
                0,
                0
            ]
        },
        {
            "무_월동(1개)": [
                0,
                0
            ]
        },
        {
            "무_봄(1개)": [
                0,
                0
            ]
        },
        {
            "무_고랭지(1개)": [
                2915,
                2120
            ]
        },
        {
            "당근_무세척(1kg)": [
                2910,
                4040
            ]
        },
        {
            "열무_열무(1kg)": [
                3160,
                3990
            ]
        },
        {
            "건고추_화건(600g)": [
                13600,
                11980
            ]
        },
        {
            "건고추_양건(600g)": [
                14300,
                0
            ]
        },
        {
            "풋고추_풋고추(100g)": [
                0,
                2525
            ]
        },
        {
            "풋고추_꽈리고추(100g)": [
                980,
                2360
            ]
        },
        {
            "풋고추_청양고추(100g)": [
                860,
                2225
            ]
        },
        {
            "붉은고추_붉은고추(100g)": [
                785,
                1950
            ]
        },
        {
            "양파_양파(1kg)": [
                1935,
                2880
            ]
        },
        {
            "파_대파(1kg)": [
                2250,
                3470
            ]
        },
        {
            "파_쪽파(1kg)": [
                7330,
                0
            ]
        },
        {
            "생강_국산(1kg)": [
                5915,
                9235
            ]
        },
        {
            "고춧가루_국산(1kg)": [
                25000,
                33600
            ]
        },
        {
            "미나리_미나리(100g)": [
                550,
                0
            ]
        },
        {
            "깻잎_깻잎(100g)": [
                1900,
                2695
            ]
        },
        {
            "피망_청(100g)": [
                760,
                1445
            ]
        },
        {
            "파프리카_파프리카(200g)": [
                1540,
                1240
            ]
        },
        {
            "멜론_멜론(1개)": [
                0,
                9485
            ]
        },
        {
            "깐마늘(국산)_깐마늘(국산)(1kg)": [
                9500,
                16115
            ]
        },
        {
            "방울토마토_방울토마토(1kg)": [
                0,
                11990
            ]
        },
        {
            "방울토마토_대추방울토마토(1kg)": [
                6250,
                8640
            ]
        },
        {
            "참깨_백색(국산)(500g)": [
                15500,
                0
            ]
        },
        {
            "땅콩_국산(100g)": [
                2200,
                3050
            ]
        },
        {
            "느타리버섯_느타리버섯(100g)": [
                900,
                0
            ]
        },
        {
            "느타리버섯_애느타리버섯(100g)": [
                0,
                700
            ]
        },
        {
            "팽이버섯_팽이버섯(150g)": [
                560,
                635
            ]
        },
        {
            "새송이버섯_새송이버섯(100g)": [
                480,
                665
            ]
        },
        {
            "호두_수입(100g)": [
                1800,
                1635
            ]
        },
        {
            "아몬드_수입(100g)": [
                1430,
                1490
            ]
        },
        {
            "사과_후지(10개)": [
                27950,
                0
            ]
        },
        {
            "사과_쓰가루(10개)": [
                0,
                0
            ]
        },
        {
            "사과_홍로(10개)": [
                0,
                0
            ]
        },
        {
            "배_신고(10개)": [
                36000,
                39980
            ]
        },
        {
            "배_원황(10개)": [
                0,
                0
            ]
        },
        {
            "복숭아_백도(10개)": [
                24200,
                24190
            ]
        },
        {
            "포도_캠벨얼리(1kg)": [
                8800,
                15945
            ]
        },
        {
            "포도_거봉(2kg)": [
                0,
                37110
            ]
        },
        {
            "포도_MBA(1kg)": [
                0,
                0
            ]
        },
        {
            "포도_샤인머스켓(2kg)": [
                35000,
                59800
            ]
        },
        {
            "포도_레드글로브 페루(1kg)": [
                0,
                0
            ]
        },
        {
            "감귤_노지(10개)": [
                0,
                0
            ]
        },
        {
            "감귤_시설(10개)": [
                0,
                0
            ]
        },
        {
            "단감_단감(10개)": [
                0,
                0
            ]
        },
        {
            "바나나_수입(100g)": [
                295,
                320
            ]
        },
        {
            "참다래_그린 뉴질랜드(10개)": [
                7660,
                8765
            ]
        },
        {
            "참다래_국산(10개)": [
                0,
                0
            ]
        },
        {
            "파인애플_수입(1개)": [
                6000,
                6980
            ]
        },
        {
            "오렌지_네이블 미국(10개)": [
                0,
                0
            ]
        },
        {
            "오렌지_네이블 호주(10개)": [
                0,
                0
            ]
        },
        {
            "레몬_수입(10개)": [
                7300,
                9850
            ]
        },
        {
            "체리_수입(100g)": [
                2400,
                3535
            ]
        },
        {
            "건포도_수입(100g)": [
                0,
                0
            ]
        },
        {
            "건블루베리_수입(100g)": [
                0,
                0
            ]
        },
        {
            "망고_수입(1개)": [
                0,
                0
            ]
        },
        {
            "고등어_생선(1마리)": [
                0,
                3500
            ]
        },
        {
            "고등어_냉동(1마리)": [
                0,
                0
            ]
        },
        {
            "고등어_염장(2마리)": [
                0,
                3980
            ]
        },
        {
            "꽁치_냉동(수입)(5마리)": [
                0,
                6175
            ]
        },
        {
            "갈치_생선(1마리)": [
                0,
                9000
            ]
        },
        {
            "갈치_냉동(1마리)": [
                0,
                5750
            ]
        },
        {
            "명태_냉동(1마리)": [
                0,
                0
            ]
        },
        {
            "물오징어_생선(1마리)": [
                0,
                0
            ]
        },
        {
            "물오징어_냉동(1마리)": [
                0,
                0
            ]
        },
        {
            "건멸치_건멸치(100g)": [
                2000,
                4175
            ]
        },
        {
            "건오징어_건오징어(10마리)": [
                55000,
                73270
            ]
        },
        {
            "김_마른김(10장)": [
                800,
                0
            ]
        },
        {
            "김_얼구운김(10장)": [
                960,
                2085
            ]
        },
        {
            "건미역_건미역(100g)": [
                1600,
                4240
            ]
        },
        {
            "굴_굴(1kg)": [
                0,
                0
            ]
        },
        {
            "수입조기_부세수입(냉동)(1마리)": [
                3500,
                0
            ]
        },
        {
            "새우젓_새우젓(1kg)": [
                11300,
                21950
            ]
        },
        {
            "멸치액젓_멸치액젓(1kg)": [
                5000,
                4950
            ]
        },
        {
            "굵은소금_굵은소금(5kg)": [
                5580,
                11975
            ]
        },
        {
            "전복_전복(5마리)": [
                15500,
                17415
            ]
        },
        {
            "새우_흰다리(수입)(10마리)": [
                4200,
                0
            ]
        }
    ]
}