{
    "Result": [
        {
            "쌀_일반계(20kg)": [
                54088,
                48326
            ]
        },
        {
            "쌀_햇일반계(20kg) ": [
                0,
                0
            ]
        },
        {
            "찹쌀_일반계(1kg)": [
                4016,
                3739
            ]
        },
        {
            "콩_흰 콩(국산)(500g)": [
                4211,
                6696
            ]
        },
        {
            "팥_붉은 팥(국산)(500g)": [
                6639,
                8175
            ]
        },
        {
            "녹두_국산(500g)": [
                10220,
                17300
            ]
        },
        {
            "고구마_밤(1kg)": [
                4652,
                6643
            ]
        },
        {
            "감자_수미(100g)": [
                336,
                382
            ]
        },
        {
            "배추_가을(1포기)": [
                0,
                0
            ]
        },
        {
            "배추_월동(1포기)": [
                0,
                0
            ]
        },
        {
            "배추_봄(1포기)": [
                0,
                0
            ]
        },
        {
            "배추_고랭지(1포기)": [
                8596,
                4824
            ]
        },
        {
            "양배추_양배추(1포기)": [
                4105,
                3986
            ]
        },
        {
            "시금치_시금치(1kg)": [
                10720,
                30014
            ]
        },
        {
            "상추_적(100g)": [
                1247,
                2404
            ]
        },
        {
            "상추_청(100g)": [
                1239,
                2575
            ]
        },
        {
            "얼갈이배추_얼갈이배추(1kg)": [
                2856,
                5435
            ]
        },
        {
            "갓_갓(1kg)": [
                0,
                0
            ]
        },
        {
            "수박_수박(1개)": [
                24177,
                23633
            ]
        },
        {
            "참외_참외(10개)": [
                13769,
                18931
            ]
        },
        {
            "오이_가시계통(10개)": [
                10483,
                18836
            ]
        },
        {
            "오이_다다기계통(10개)": [
                8264,
                12083
            ]
        },
        {
            "오이_취청(10개)": [
                13500,
                18761
            ]
        },
        {
            "호박_애호박(1개)": [
                1358,
                1697
            ]
        },
        {
            "호박_쥬키니(1개)": [
                1632,
                2447
            ]
        },
        {
            "토마토_토마토(1kg)": [
                4215,
                6567
            ]
        },
        {
            "딸기_딸기(100g)": [
                0,
                0
            ]
        },
        {
            "무_가을(1개)": [
                0,
                0
            ]
        },
        {
            "무_월동(1개)": [
                0,
                0
            ]
        },
        {
            "무_봄(1개)": [
                0,
                0
            ]
        },
        {
            "무_고랭지(1개)": [
                2885,
                2371
            ]
        },
        {
            "당근_무세척(1kg)": [
                2806,
                4137
            ]
        },
        {
            "열무_열무(1kg)": [
                2998,
                5429
            ]
        },
        {
            "건고추_화건(600g)": [
                14030,
                11980
            ]
        },
        {
            "건고추_양건(600g)": [
                17427,
                11000
            ]
        },
        {
            "풋고추_풋고추(100g)": [
                1115,
                2517
            ]
        },
        {
            "풋고추_꽈리고추(100g)": [
                1074,
                2095
            ]
        },
        {
            "풋고추_청양고추(100g)": [
                1047,
                2049
            ]
        },
        {
            "붉은고추_붉은고추(100g)": [
                948,
                1843
            ]
        },
        {
            "양파_양파(1kg)": [
                2009,
                2813
            ]
        },
        {
            "파_대파(1kg)": [
                2407,
                3471
            ]
        },
        {
            "파_쪽파(1kg)": [
                6820,
                13274
            ]
        },
        {
            "생강_국산(1kg)": [
                6259,
                10003
            ]
        },
        {
            "고춧가루_국산(1kg)": [
                28306,
                31260
            ]
        },
        {
            "미나리_미나리(100g)": [
                727,
                0
            ]
        },
        {
            "깻잎_깻잎(100g)": [
                1778,
                2734
            ]
        },
        {
            "피망_청(100g)": [
                706,
                1416
            ]
        },
        {
            "파프리카_파프리카(200g)": [
                1231,
                1330
            ]
        },
        {
            "멜론_멜론(1개)": [
                10083,
                9841
            ]
        },
        {
            "깐마늘(국산)_깐마늘(국산)(1kg)": [
                9850,
                13723
            ]
        },
        {
            "방울토마토_방울토마토(1kg)": [
                0,
                9357
            ]
        },
        {
            "방울토마토_대추방울토마토(1kg)": [
                6373,
                7707
            ]
        },
        {
            "참깨_백색(국산)(500g)": [
                15969,
                22533
            ]
        },
        {
            "땅콩_국산(100g)": [
                1962,
                3105
            ]
        },
        {
            "느타리버섯_느타리버섯(100g)": [
                1084,
                1330
            ]
        },
        {
            "느타리버섯_애느타리버섯(100g)": [
                500,
                604
            ]
        },
        {
            "팽이버섯_팽이버섯(150g)": [
                556,
                607
            ]
        },
        {
            "새송이버섯_새송이버섯(100g)": [
                484,
                563
            ]
        },
        {
            "호두_수입(100g)": [
                1725,
                1577
            ]
        },
        {
            "아몬드_수입(100g)": [
                1450,
                1477
            ]
        },
        {
            "사과_후지(10개)": [
                25527,
                23194
            ]
        },
        {
            "사과_쓰가루(10개)": [
                0,
                0
            ]
        },
        {
            "사과_홍로(10개)": [
                0,
                0
            ]
        },
        {
            "배_신고(10개)": [
                34362,
                38807
            ]
        },
        {
            "배_원황(10개)": [
                0,
                0
            ]
        },
        {
            "복숭아_백도(10개)": [
                22956,
                21845
            ]
        },
        {
            "포도_캠벨얼리(1kg)": [
                9970,
                15934
            ]
        },
        {
            "포도_거봉(2kg)": [
                30900,
                36905
            ]
        },
        {
            "포도_MBA(1kg)": [
                0,
                0
            ]
        },
        {
            "포도_샤인머스켓(2kg)": [
                37300,
                63126
            ]
        },
        {
            "포도_레드글로브 페루(1kg)": [
                0,
                0
            ]
        },
        {
            "감귤_노지(10개)": [
                0,
                0
            ]
        },
        {
            "감귤_시설(10개)": [
                0,
                0
            ]
        },
        {
            "단감_단감(10개)": [
                0,
                0
            ]
        },
        {
            "바나나_수입(100g)": [
                309,
                339
            ]
        },
        {
            "참다래_그린 뉴질랜드(10개)": [
                8188,
                8885
            ]
        },
        {
            "참다래_국산(10개)": [
                0,
                0
            ]
        },
        {
            "파인애플_수입(1개)": [
                5928,
                5485
            ]
        },
        {
            "오렌지_네이블 미국(10개)": [
                0,
                0
            ]
        },
        {
            "오렌지_네이블 호주(10개)": [
                0,
                0
            ]
        },
        {
            "레몬_수입(10개)": [
                7349,
                9884
            ]
        },
        {
            "체리_수입(100g)": [
                2271,
                3054
            ]
        },
        {
            "건포도_수입(100g)": [
                0,
                0
            ]
        },
        {
            "건블루베리_수입(100g)": [
                0,
                0
            ]
        },
        {
            "망고_수입(1개)": [
                0,
                0
            ]
        },
        {
            "고등어_생선(1마리)": [
                3325,
                3948
            ]
        },
        {
            "고등어_냉동(1마리)": [
                0,
                0
            ]
        },
        {
            "고등어_염장(2마리)": [
                3430,
                3971
            ]
        },
        {
            "꽁치_냉동(수입)(5마리)": [
                6482,
                5942
            ]
        },
        {
            "갈치_생선(1마리)": [
                4767,
                7222
            ]
        },
        {
            "갈치_냉동(1마리)": [
                5250,
                5477
            ]
        },
        {
            "명태_냉동(1마리)": [
                0,
                0
            ]
        },
        {
            "물오징어_생선(1마리)": [
                0,
                0
            ]
        },
        {
            "물오징어_냉동(1마리)": [
                0,
                0
            ]
        },
        {
            "건멸치_건멸치(100g)": [
                1946,
                3630
            ]
        },
        {
            "건오징어_건오징어(10마리)": [
                53813,
                75298
            ]
        },
        {
            "김_마른김(10장)": [
                851,
                1333
            ]
        },
        {
            "김_얼구운김(10장)": [
                1020,
                1994
            ]
        },
        {
            "건미역_건미역(100g)": [
                1894,
                3713
            ]
        },
        {
            "굴_굴(1kg)": [
                0,
                0
            ]
        },
        {
            "수입조기_부세수입(냉동)(1마리)": [
                3615,
                4015
            ]
        },
        {
            "새우젓_새우젓(1kg)": [
                15360,
                22972
            ]
        },
        {
            "멸치액젓_멸치액젓(1kg)": [
                5359,
                4984
            ]
        },
        {
            "굵은소금_굵은소금(5kg)": [
                7769,
                13386
            ]
        },
        {
            "전복_전복(5마리)": [
                14825,
                16141
            ]
        },
        {
            "새우_흰다리(수입)(10마리)": [
                4648,
                4656
            ]
        }
    ]
}