{
    "Result": [
        {
            "쌀_일반계(20kg)": [
                51750,
                47820
            ]
        },
        {
            "쌀_햇일반계(20kg) ": [
                0,
                0
            ]
        },
        {
            "찹쌀_일반계(1kg)": [
                4130,
                3684
            ]
        },
        {
            "콩_흰 콩(국산)(500g)": [
                4105,
                7568
            ]
        },
        {
            "팥_붉은 팥(국산)(500g)": [
                7210,
                9096
            ]
        },
        {
            "녹두_국산(500g)": [
                10600,
                17000
            ]
        },
        {
            "고구마_밤(1kg)": [
                4580,
                7466
            ]
        },
        {
            "감자_수미(100g)": [
                342,
                425
            ]
        },
        {
            "배추_가을(1포기)": [
                0,
                0
            ]
        },
        {
            "배추_월동(1포기)": [
                0,
                0
            ]
        },
        {
            "배추_봄(1포기)": [
                0,
                0
            ]
        },
        {
            "배추_고랭지(1포기)": [
                9302,
                5650
            ]
        },
        {
            "양배추_양배추(1포기)": [
                4495,
                3660
            ]
        },
        {
            "시금치_시금치(1kg)": [
                10800,
                21393
            ]
        },
        {
            "상추_적(100g)": [
                1290,
                2368
            ]
        },
        {
            "상추_청(100g)": [
                1290,
                2463
            ]
        },
        {
            "얼갈이배추_얼갈이배추(1kg)": [
                2690,
                5453
            ]
        },
        {
            "갓_갓(1kg)": [
                0,
                0
            ]
        },
        {
            "수박_수박(1개)": [
                27300,
                23900
            ]
        },
        {
            "참외_참외(10개)": [
                0,
                20745
            ]
        },
        {
            "오이_가시계통(10개)": [
                0,
                21630
            ]
        },
        {
            "오이_다다기계통(10개)": [
                8772,
                12412
            ]
        },
        {
            "오이_취청(10개)": [
                15000,
                18046
            ]
        },
        {
            "호박_애호박(1개)": [
                1290,
                1546
            ]
        },
        {
            "호박_쥬키니(1개)": [
                0,
                1990
            ]
        },
        {
            "토마토_토마토(1kg)": [
                4415,
                7754
            ]
        },
        {
            "딸기_딸기(100g)": [
                0,
                0
            ]
        },
        {
            "무_가을(1개)": [
                0,
                0
            ]
        },
        {
            "무_월동(1개)": [
                0,
                0
            ]
        },
        {
            "무_봄(1개)": [
                0,
                0
            ]
        },
        {
            "무_고랭지(1개)": [
                2750,
                2906
            ]
        },
        {
            "당근_무세척(1kg)": [
                2745,
                4136
            ]
        },
        {
            "열무_열무(1kg)": [
                3025,
                3325
            ]
        },
        {
            "건고추_화건(600g)": [
                0,
                0
            ]
        },
        {
            "건고추_양건(600g)": [
                18650,
                0
            ]
        },
        {
            "풋고추_풋고추(100g)": [
                0,
                1936
            ]
        },
        {
            "풋고추_꽈리고추(100g)": [
                1185,
                2192
            ]
        },
        {
            "풋고추_청양고추(100g)": [
                945,
                1480
            ]
        },
        {
            "붉은고추_붉은고추(100g)": [
                1165,
                1552
            ]
        },
        {
            "양파_양파(1kg)": [
                2137,
                2544
            ]
        },
        {
            "파_대파(1kg)": [
                2250,
                3242
            ]
        },
        {
            "파_쪽파(1kg)": [
                6147,
                13588
            ]
        },
        {
            "생강_국산(1kg)": [
                5707,
                9170
            ]
        },
        {
            "고춧가루_국산(1kg)": [
                33450,
                29895
            ]
        },
        {
            "미나리_미나리(100g)": [
                1000,
                0
            ]
        },
        {
            "깻잎_깻잎(100g)": [
                1725,
                2596
            ]
        },
        {
            "피망_청(100g)": [
                660,
                1312
            ]
        },
        {
            "파프리카_파프리카(200g)": [
                1282,
                1324
            ]
        },
        {
            "멜론_멜론(1개)": [
                8995,
                9586
            ]
        },
        {
            "깐마늘(국산)_깐마늘(국산)(1kg)": [
                9915,
                15798
            ]
        },
        {
            "방울토마토_방울토마토(1kg)": [
                0,
                7503
            ]
        },
        {
            "방울토마토_대추방울토마토(1kg)": [
                6125,
                7862
            ]
        },
        {
            "참깨_백색(국산)(500g)": [
                15100,
                24100
            ]
        },
        {
            "땅콩_국산(100g)": [
                1770,
                3160
            ]
        },
        {
            "느타리버섯_느타리버섯(100g)": [
                1200,
                1540
            ]
        },
        {
            "느타리버섯_애느타리버섯(100g)": [
                490,
                570
            ]
        },
        {
            "팽이버섯_팽이버섯(150g)": [
                580,
                576
            ]
        },
        {
            "새송이버섯_새송이버섯(100g)": [
                530,
                559
            ]
        },
        {
            "호두_수입(100g)": [
                1635,
                1690
            ]
        },
        {
            "아몬드_수입(100g)": [
                1450,
                1440
            ]
        },
        {
            "사과_후지(10개)": [
                27150,
                27990
            ]
        },
        {
            "사과_쓰가루(10개)": [
                0,
                0
            ]
        },
        {
            "사과_홍로(10개)": [
                0,
                0
            ]
        },
        {
            "배_신고(10개)": [
                31350,
                31490
            ]
        },
        {
            "배_원황(10개)": [
                0,
                0
            ]
        },
        {
            "복숭아_백도(10개)": [
                0,
                21712
            ]
        },
        {
            "포도_캠벨얼리(1kg)": [
                0,
                15898
            ]
        },
        {
            "포도_거봉(2kg)": [
                0,
                38467
            ]
        },
        {
            "포도_MBA(1kg)": [
                0,
                0
            ]
        },
        {
            "포도_샤인머스켓(2kg)": [
                0,
                59440
            ]
        },
        {
            "포도_레드글로브 페루(1kg)": [
                0,
                0
            ]
        },
        {
            "감귤_노지(10개)": [
                0,
                0
            ]
        },
        {
            "감귤_시설(10개)": [
                0,
                0
            ]
        },
        {
            "단감_단감(10개)": [
                0,
                0
            ]
        },
        {
            "바나나_수입(100g)": [
                295,
                340
            ]
        },
        {
            "참다래_그린 뉴질랜드(10개)": [
                0,
                8823
            ]
        },
        {
            "참다래_국산(10개)": [
                0,
                0
            ]
        },
        {
            "파인애플_수입(1개)": [
                5500,
                6980
            ]
        },
        {
            "오렌지_네이블 미국(10개)": [
                0,
                0
            ]
        },
        {
            "오렌지_네이블 호주(10개)": [
                0,
                0
            ]
        },
        {
            "레몬_수입(10개)": [
                6350,
                9535
            ]
        },
        {
            "체리_수입(100g)": [
                2125,
                2396
            ]
        },
        {
            "건포도_수입(100g)": [
                0,
                0
            ]
        },
        {
            "건블루베리_수입(100g)": [
                0,
                0
            ]
        },
        {
            "망고_수입(1개)": [
                0,
                0
            ]
        },
        {
            "고등어_생선(1마리)": [
                0,
                2970
            ]
        },
        {
            "고등어_냉동(1마리)": [
                0,
                0
            ]
        },
        {
            "고등어_염장(2마리)": [
                3500,
                0
            ]
        },
        {
            "꽁치_냉동(수입)(5마리)": [
                0,
                6133
            ]
        },
        {
            "갈치_생선(1마리)": [
                0,
                4725
            ]
        },
        {
            "갈치_냉동(1마리)": [
                0,
                3715
            ]
        },
        {
            "명태_냉동(1마리)": [
                0,
                0
            ]
        },
        {
            "물오징어_생선(1마리)": [
                0,
                0
            ]
        },
        {
            "물오징어_냉동(1마리)": [
                0,
                0
            ]
        },
        {
            "건멸치_건멸치(100g)": [
                1845,
                3083
            ]
        },
        {
            "건오징어_건오징어(10마리)": [
                52450,
                73815
            ]
        },
        {
            "김_마른김(10장)": [
                790,
                1260
            ]
        },
        {
            "김_얼구운김(10장)": [
                910,
                1992
            ]
        },
        {
            "건미역_건미역(100g)": [
                1750,
                3458
            ]
        },
        {
            "굴_굴(1kg)": [
                0,
                0
            ]
        },
        {
            "수입조기_부세수입(냉동)(1마리)": [
                3500,
                3888
            ]
        },
        {
            "새우젓_새우젓(1kg)": [
                19150,
                23227
            ]
        },
        {
            "멸치액젓_멸치액젓(1kg)": [
                4810,
                5114
            ]
        },
        {
            "굵은소금_굵은소금(5kg)": [
                9700,
                14080
            ]
        },
        {
            "전복_전복(5마리)": [
                12800,
                15433
            ]
        },
        {
            "새우_흰다리(수입)(10마리)": [
                3885,
                4933
            ]
        }
    ]
}