{
    "Result": [
        {
            "쌀_일반계(20kg)": [
                54000,
                47900
            ]
        },
        {
            "쌀_햇일반계(20kg) ": [
                0,
                0
            ]
        },
        {
            "찹쌀_일반계(1kg)": [
                4000,
                5295
            ]
        },
        {
            "콩_흰 콩(국산)(500g)": [
                3830,
                5475
            ]
        },
        {
            "팥_붉은 팥(국산)(500g)": [
                6160,
                7000
            ]
        },
        {
            "녹두_국산(500g)": [
                11800,
                0
            ]
        },
        {
            "고구마_밤(1kg)": [
                4230,
                6745
            ]
        },
        {
            "감자_수미(100g)": [
                300,
                455
            ]
        },
        {
            "배추_가을(1포기)": [
                0,
                0
            ]
        },
        {
            "배추_월동(1포기)": [
                0,
                0
            ]
        },
        {
            "배추_봄(1포기)": [
                0,
                0
            ]
        },
        {
            "배추_고랭지(1포기)": [
                8165,
                6190
            ]
        },
        {
            "양배추_양배추(1포기)": [
                3250,
                4365
            ]
        },
        {
            "시금치_시금치(1kg)": [
                0,
                33290
            ]
        },
        {
            "상추_적(100g)": [
                1000,
                1850
            ]
        },
        {
            "상추_청(100g)": [
                1425,
                2490
            ]
        },
        {
            "얼갈이배추_얼갈이배추(1kg)": [
                2100,
                5285
            ]
        },
        {
            "갓_갓(1kg)": [
                0,
                0
            ]
        },
        {
            "수박_수박(1개)": [
                24000,
                26445
            ]
        },
        {
            "참외_참외(10개)": [
                0,
                24980
            ]
        },
        {
            "오이_가시계통(10개)": [
                8550,
                14480
            ]
        },
        {
            "오이_다다기계통(10개)": [
                6665,
                14130
            ]
        },
        {
            "오이_취청(10개)": [
                0,
                0
            ]
        },
        {
            "호박_애호박(1개)": [
                1300,
                1545
            ]
        },
        {
            "호박_쥬키니(1개)": [
                0,
                1490
            ]
        },
        {
            "토마토_토마토(1kg)": [
                5660,
                6640
            ]
        },
        {
            "딸기_딸기(100g)": [
                0,
                0
            ]
        },
        {
            "무_가을(1개)": [
                0,
                0
            ]
        },
        {
            "무_월동(1개)": [
                0,
                0
            ]
        },
        {
            "무_봄(1개)": [
                0,
                0
            ]
        },
        {
            "무_고랭지(1개)": [
                2205,
                3190
            ]
        },
        {
            "당근_무세척(1kg)": [
                2250,
                4800
            ]
        },
        {
            "열무_열무(1kg)": [
                4000,
                5620
            ]
        },
        {
            "건고추_화건(600g)": [
                15600,
                0
            ]
        },
        {
            "건고추_양건(600g)": [
                19000,
                0
            ]
        },
        {
            "풋고추_풋고추(100g)": [
                950,
                1360
            ]
        },
        {
            "풋고추_꽈리고추(100g)": [
                810,
                1825
            ]
        },
        {
            "풋고추_청양고추(100g)": [
                680,
                1080
            ]
        },
        {
            "붉은고추_붉은고추(100g)": [
                705,
                1455
            ]
        },
        {
            "양파_양파(1kg)": [
                1750,
                3165
            ]
        },
        {
            "파_대파(1kg)": [
                2500,
                4450
            ]
        },
        {
            "파_쪽파(1kg)": [
                5815,
                16190
            ]
        },
        {
            "생강_국산(1kg)": [
                6245,
                10950
            ]
        },
        {
            "고춧가루_국산(1kg)": [
                27500,
                33250
            ]
        },
        {
            "미나리_미나리(100g)": [
                0,
                0
            ]
        },
        {
            "깻잎_깻잎(100g)": [
                1290,
                2615
            ]
        },
        {
            "피망_청(100g)": [
                900,
                1200
            ]
        },
        {
            "파프리카_파프리카(200g)": [
                1185,
                2140
            ]
        },
        {
            "멜론_멜론(1개)": [
                13000,
                10990
            ]
        },
        {
            "깐마늘(국산)_깐마늘(국산)(1kg)": [
                8750,
                14035
            ]
        },
        {
            "방울토마토_방울토마토(1kg)": [
                0,
                9320
            ]
        },
        {
            "방울토마토_대추방울토마토(1kg)": [
                10300,
                7505
            ]
        },
        {
            "참깨_백색(국산)(500g)": [
                15000,
                0
            ]
        },
        {
            "땅콩_국산(100g)": [
                1600,
                2500
            ]
        },
        {
            "느타리버섯_느타리버섯(100g)": [
                0,
                750
            ]
        },
        {
            "느타리버섯_애느타리버섯(100g)": [
                450,
                700
            ]
        },
        {
            "팽이버섯_팽이버섯(150g)": [
                500,
                720
            ]
        },
        {
            "새송이버섯_새송이버섯(100g)": [
                450,
                685
            ]
        },
        {
            "호두_수입(100g)": [
                1300,
                1435
            ]
        },
        {
            "아몬드_수입(100g)": [
                1200,
                1325
            ]
        },
        {
            "사과_후지(10개)": [
                27500,
                0
            ]
        },
        {
            "사과_쓰가루(10개)": [
                0,
                0
            ]
        },
        {
            "사과_홍로(10개)": [
                0,
                0
            ]
        },
        {
            "배_신고(10개)": [
                45000,
                29980
            ]
        },
        {
            "배_원황(10개)": [
                0,
                0
            ]
        },
        {
            "복숭아_백도(10개)": [
                25000,
                28000
            ]
        },
        {
            "포도_캠벨얼리(1kg)": [
                6660,
                19990
            ]
        },
        {
            "포도_거봉(2kg)": [
                20000,
                33995
            ]
        },
        {
            "포도_MBA(1kg)": [
                0,
                0
            ]
        },
        {
            "포도_샤인머스켓(2kg)": [
                40000,
                59925
            ]
        },
        {
            "포도_레드글로브 페루(1kg)": [
                0,
                0
            ]
        },
        {
            "감귤_노지(10개)": [
                0,
                0
            ]
        },
        {
            "감귤_시설(10개)": [
                0,
                0
            ]
        },
        {
            "단감_단감(10개)": [
                0,
                0
            ]
        },
        {
            "바나나_수입(100g)": [
                325,
                0
            ]
        },
        {
            "참다래_그린 뉴질랜드(10개)": [
                10000,
                8990
            ]
        },
        {
            "참다래_국산(10개)": [
                0,
                0
            ]
        },
        {
            "파인애플_수입(1개)": [
                6500,
                4990
            ]
        },
        {
            "오렌지_네이블 미국(10개)": [
                0,
                0
            ]
        },
        {
            "오렌지_네이블 호주(10개)": [
                0,
                0
            ]
        },
        {
            "레몬_수입(10개)": [
                7000,
                8967
            ]
        },
        {
            "체리_수입(100g)": [
                2000,
                3100
            ]
        },
        {
            "건포도_수입(100g)": [
                0,
                0
            ]
        },
        {
            "건블루베리_수입(100g)": [
                0,
                0
            ]
        },
        {
            "망고_수입(1개)": [
                0,
                0
            ]
        },
        {
            "고등어_생선(1마리)": [
                0,
                0
            ]
        },
        {
            "고등어_냉동(1마리)": [
                0,
                0
            ]
        },
        {
            "고등어_염장(2마리)": [
                3750,
                5200
            ]
        },
        {
            "꽁치_냉동(수입)(5마리)": [
                0,
                6450
            ]
        },
        {
            "갈치_생선(1마리)": [
                0,
                0
            ]
        },
        {
            "갈치_냉동(1마리)": [
                0,
                0
            ]
        },
        {
            "명태_냉동(1마리)": [
                0,
                0
            ]
        },
        {
            "물오징어_생선(1마리)": [
                0,
                0
            ]
        },
        {
            "물오징어_냉동(1마리)": [
                0,
                0
            ]
        },
        {
            "건멸치_건멸치(100g)": [
                2000,
                3080
            ]
        },
        {
            "건오징어_건오징어(10마리)": [
                50000,
                71915
            ]
        },
        {
            "김_마른김(10장)": [
                1000,
                1600
            ]
        },
        {
            "김_얼구운김(10장)": [
                1000,
                2490
            ]
        },
        {
            "건미역_건미역(100g)": [
                1600,
                5070
            ]
        },
        {
            "굴_굴(1kg)": [
                0,
                0
            ]
        },
        {
            "수입조기_부세수입(냉동)(1마리)": [
                4500,
                3990
            ]
        },
        {
            "새우젓_새우젓(1kg)": [
                12000,
                21340
            ]
        },
        {
            "멸치액젓_멸치액젓(1kg)": [
                7000,
                5410
            ]
        },
        {
            "굵은소금_굵은소금(5kg)": [
                10000,
                13245
            ]
        },
        {
            "전복_전복(5마리)": [
                13000,
                12890
            ]
        },
        {
            "새우_흰다리(수입)(10마리)": [
                4500,
                5060
            ]
        }
    ]
}