{
    "Result": [
        {
            "쌀_일반계(20kg)": [
                53418,
                47885
            ]
        },
        {
            "쌀_햇일반계(20kg) ": [
                0,
                0
            ]
        },
        {
            "찹쌀_일반계(1kg)": [
                4016,
                3744
            ]
        },
        {
            "콩_흰 콩(국산)(500g)": [
                4172,
                6469
            ]
        },
        {
            "팥_붉은 팥(국산)(500g)": [
                6624,
                8159
            ]
        },
        {
            "녹두_국산(500g)": [
                10245,
                17800
            ]
        },
        {
            "고구마_밤(1kg)": [
                4665,
                5964
            ]
        },
        {
            "감자_수미(100g)": [
                324,
                408
            ]
        },
        {
            "배추_가을(1포기)": [
                0,
                0
            ]
        },
        {
            "배추_월동(1포기)": [
                0,
                0
            ]
        },
        {
            "배추_봄(1포기)": [
                0,
                0
            ]
        },
        {
            "배추_고랭지(1포기)": [
                7891,
                4891
            ]
        },
        {
            "양배추_양배추(1포기)": [
                3909,
                4114
            ]
        },
        {
            "시금치_시금치(1kg)": [
                10208,
                28502
            ]
        },
        {
            "상추_적(100g)": [
                1164,
                1952
            ]
        },
        {
            "상추_청(100g)": [
                1210,
                2239
            ]
        },
        {
            "얼갈이배추_얼갈이배추(1kg)": [
                2822,
                4692
            ]
        },
        {
            "갓_갓(1kg)": [
                0,
                0
            ]
        },
        {
            "수박_수박(1개)": [
                25416,
                24463
            ]
        },
        {
            "참외_참외(10개)": [
                17320,
                22662
            ]
        },
        {
            "오이_가시계통(10개)": [
                10095,
                14265
            ]
        },
        {
            "오이_다다기계통(10개)": [
                8053,
                11506
            ]
        },
        {
            "오이_취청(10개)": [
                10375,
                13761
            ]
        },
        {
            "호박_애호박(1개)": [
                1370,
                1430
            ]
        },
        {
            "호박_쥬키니(1개)": [
                1242,
                1643
            ]
        },
        {
            "토마토_토마토(1kg)": [
                5010,
                7914
            ]
        },
        {
            "딸기_딸기(100g)": [
                0,
                0
            ]
        },
        {
            "무_가을(1개)": [
                0,
                0
            ]
        },
        {
            "무_월동(1개)": [
                0,
                0
            ]
        },
        {
            "무_봄(1개)": [
                0,
                0
            ]
        },
        {
            "무_고랭지(1개)": [
                3013,
                2569
            ]
        },
        {
            "당근_무세척(1kg)": [
                2780,
                4207
            ]
        },
        {
            "열무_열무(1kg)": [
                3058,
                4600
            ]
        },
        {
            "건고추_화건(600g)": [
                13711,
                0
            ]
        },
        {
            "건고추_양건(600g)": [
                16870,
                11000
            ]
        },
        {
            "풋고추_풋고추(100g)": [
                1018,
                1232
            ]
        },
        {
            "풋고추_꽈리고추(100g)": [
                958,
                1814
            ]
        },
        {
            "풋고추_청양고추(100g)": [
                888,
                925
            ]
        },
        {
            "붉은고추_붉은고추(100g)": [
                870,
                1640
            ]
        },
        {
            "양파_양파(1kg)": [
                1985,
                2790
            ]
        },
        {
            "파_대파(1kg)": [
                2652,
                3370
            ]
        },
        {
            "파_쪽파(1kg)": [
                6422,
                12203
            ]
        },
        {
            "생강_국산(1kg)": [
                6258,
                10033
            ]
        },
        {
            "고춧가루_국산(1kg)": [
                28294,
                31116
            ]
        },
        {
            "미나리_미나리(100g)": [
                700,
                0
            ]
        },
        {
            "깻잎_깻잎(100g)": [
                1670,
                2674
            ]
        },
        {
            "피망_청(100g)": [
                709,
                1183
            ]
        },
        {
            "파프리카_파프리카(200g)": [
                1593,
                2163
            ]
        },
        {
            "멜론_멜론(1개)": [
                10321,
                9845
            ]
        },
        {
            "깐마늘(국산)_깐마늘(국산)(1kg)": [
                9802,
                13658
            ]
        },
        {
            "방울토마토_방울토마토(1kg)": [
                0,
                8942
            ]
        },
        {
            "방울토마토_대추방울토마토(1kg)": [
                7651,
                8333
            ]
        },
        {
            "참깨_백색(국산)(500g)": [
                15662,
                22533
            ]
        },
        {
            "땅콩_국산(100g)": [
                1962,
                3105
            ]
        },
        {
            "느타리버섯_느타리버섯(100g)": [
                1046,
                1380
            ]
        },
        {
            "느타리버섯_애느타리버섯(100g)": [
                513,
                617
            ]
        },
        {
            "팽이버섯_팽이버섯(150g)": [
                554,
                615
            ]
        },
        {
            "새송이버섯_새송이버섯(100g)": [
                479,
                572
            ]
        },
        {
            "호두_수입(100g)": [
                1725,
                1640
            ]
        },
        {
            "아몬드_수입(100g)": [
                1450,
                1461
            ]
        },
        {
            "사과_후지(10개)": [
                26348,
                25983
            ]
        },
        {
            "사과_쓰가루(10개)": [
                0,
                0
            ]
        },
        {
            "사과_홍로(10개)": [
                0,
                0
            ]
        },
        {
            "배_신고(10개)": [
                35264,
                41255
            ]
        },
        {
            "배_원황(10개)": [
                0,
                0
            ]
        },
        {
            "복숭아_백도(10개)": [
                19567,
                21915
            ]
        },
        {
            "포도_캠벨얼리(1kg)": [
                10730,
                14665
            ]
        },
        {
            "포도_거봉(2kg)": [
                24867,
                37280
            ]
        },
        {
            "포도_MBA(1kg)": [
                0,
                0
            ]
        },
        {
            "포도_샤인머스켓(2kg)": [
                35357,
                53452
            ]
        },
        {
            "포도_레드글로브 페루(1kg)": [
                0,
                0
            ]
        },
        {
            "감귤_노지(10개)": [
                0,
                0
            ]
        },
        {
            "감귤_시설(10개)": [
                0,
                0
            ]
        },
        {
            "단감_단감(10개)": [
                0,
                0
            ]
        },
        {
            "바나나_수입(100g)": [
                305,
                331
            ]
        },
        {
            "참다래_그린 뉴질랜드(10개)": [
                8104,
                8553
            ]
        },
        {
            "참다래_국산(10개)": [
                0,
                0
            ]
        },
        {
            "파인애플_수입(1개)": [
                5913,
                5362
            ]
        },
        {
            "오렌지_네이블 미국(10개)": [
                0,
                0
            ]
        },
        {
            "오렌지_네이블 호주(10개)": [
                0,
                0
            ]
        },
        {
            "레몬_수입(10개)": [
                7349,
                9645
            ]
        },
        {
            "체리_수입(100g)": [
                2153,
                3037
            ]
        },
        {
            "건포도_수입(100g)": [
                0,
                0
            ]
        },
        {
            "건블루베리_수입(100g)": [
                0,
                0
            ]
        },
        {
            "망고_수입(1개)": [
                0,
                0
            ]
        },
        {
            "고등어_생선(1마리)": [
                0,
                0
            ]
        },
        {
            "고등어_냉동(1마리)": [
                0,
                0
            ]
        },
        {
            "고등어_염장(2마리)": [
                3686,
                4920
            ]
        },
        {
            "꽁치_냉동(수입)(5마리)": [
                6482,
                6125
            ]
        },
        {
            "갈치_생선(1마리)": [
                0,
                0
            ]
        },
        {
            "갈치_냉동(1마리)": [
                0,
                0
            ]
        },
        {
            "명태_냉동(1마리)": [
                0,
                0
            ]
        },
        {
            "물오징어_생선(1마리)": [
                0,
                0
            ]
        },
        {
            "물오징어_냉동(1마리)": [
                0,
                0
            ]
        },
        {
            "건멸치_건멸치(100g)": [
                1962,
                3267
            ]
        },
        {
            "건오징어_건오징어(10마리)": [
                53794,
                69759
            ]
        },
        {
            "김_마른김(10장)": [
                842,
                1333
            ]
        },
        {
            "김_얼구운김(10장)": [
                1007,
                2012
            ]
        },
        {
            "건미역_건미역(100g)": [
                1900,
                3727
            ]
        },
        {
            "굴_굴(1kg)": [
                0,
                0
            ]
        },
        {
            "수입조기_부세수입(냉동)(1마리)": [
                3651,
                4012
            ]
        },
        {
            "새우젓_새우젓(1kg)": [
                15286,
                22835
            ]
        },
        {
            "멸치액젓_멸치액젓(1kg)": [
                5404,
                5056
            ]
        },
        {
            "굵은소금_굵은소금(5kg)": [
                7809,
                13386
            ]
        },
        {
            "전복_전복(5마리)": [
                14633,
                16313
            ]
        },
        {
            "새우_흰다리(수입)(10마리)": [
                4778,
                5041
            ]
        }
    ]
}