{
    "Result": [
        {
            "쌀_일반계(20kg)": [
                57300,
                47900
            ]
        },
        {
            "쌀_햇일반계(20kg) ": [
                0,
                0
            ]
        },
        {
            "찹쌀_일반계(1kg)": [
                3750,
                3850
            ]
        },
        {
            "콩_흰 콩(국산)(500g)": [
                4170,
                5490
            ]
        },
        {
            "팥_붉은 팥(국산)(500g)": [
                6630,
                6765
            ]
        },
        {
            "녹두_국산(500g)": [
                10000,
                0
            ]
        },
        {
            "고구마_밤(1kg)": [
                4995,
                5470
            ]
        },
        {
            "감자_수미(100g)": [
                370,
                410
            ]
        },
        {
            "배추_가을(1포기)": [
                0,
                0
            ]
        },
        {
            "배추_월동(1포기)": [
                0,
                0
            ]
        },
        {
            "배추_봄(1포기)": [
                0,
                0
            ]
        },
        {
            "배추_고랭지(1포기)": [
                8375,
                4935
            ]
        },
        {
            "양배추_양배추(1포기)": [
                3830,
                3360
            ]
        },
        {
            "시금치_시금치(1kg)": [
                8500,
                34950
            ]
        },
        {
            "상추_적(100g)": [
                1065,
                1795
            ]
        },
        {
            "상추_청(100g)": [
                965,
                2350
            ]
        },
        {
            "얼갈이배추_얼갈이배추(1kg)": [
                2620,
                5540
            ]
        },
        {
            "갓_갓(1kg)": [
                0,
                0
            ]
        },
        {
            "수박_수박(1개)": [
                24150,
                0
            ]
        },
        {
            "참외_참외(10개)": [
                16800,
                21410
            ]
        },
        {
            "오이_가시계통(10개)": [
                9160,
                14540
            ]
        },
        {
            "오이_다다기계통(10개)": [
                7915,
                11795
            ]
        },
        {
            "오이_취청(10개)": [
                0,
                13270
            ]
        },
        {
            "호박_애호박(1개)": [
                1420,
                1235
            ]
        },
        {
            "호박_쥬키니(1개)": [
                1000,
                1580
            ]
        },
        {
            "토마토_토마토(1kg)": [
                5130,
                7345
            ]
        },
        {
            "딸기_딸기(100g)": [
                0,
                0
            ]
        },
        {
            "무_가을(1개)": [
                0,
                0
            ]
        },
        {
            "무_월동(1개)": [
                0,
                0
            ]
        },
        {
            "무_봄(1개)": [
                0,
                0
            ]
        },
        {
            "무_고랭지(1개)": [
                4000,
                2435
            ]
        },
        {
            "당근_무세척(1kg)": [
                3245,
                3990
            ]
        },
        {
            "열무_열무(1kg)": [
                3120,
                5285
            ]
        },
        {
            "건고추_화건(600g)": [
                13000,
                0
            ]
        },
        {
            "건고추_양건(600g)": [
                18000,
                0
            ]
        },
        {
            "풋고추_풋고추(100g)": [
                1020,
                1190
            ]
        },
        {
            "풋고추_꽈리고추(100g)": [
                935,
                1825
            ]
        },
        {
            "풋고추_청양고추(100g)": [
                885,
                880
            ]
        },
        {
            "붉은고추_붉은고추(100g)": [
                875,
                1585
            ]
        },
        {
            "양파_양파(1kg)": [
                1995,
                2885
            ]
        },
        {
            "파_대파(1kg)": [
                2665,
                3335
            ]
        },
        {
            "파_쪽파(1kg)": [
                8160,
                0
            ]
        },
        {
            "생강_국산(1kg)": [
                5500,
                10465
            ]
        },
        {
            "고춧가루_국산(1kg)": [
                26200,
                33600
            ]
        },
        {
            "미나리_미나리(100g)": [
                0,
                0
            ]
        },
        {
            "깻잎_깻잎(100g)": [
                1630,
                2470
            ]
        },
        {
            "피망_청(100g)": [
                700,
                1195
            ]
        },
        {
            "파프리카_파프리카(200g)": [
                1500,
                2140
            ]
        },
        {
            "멜론_멜론(1개)": [
                12000,
                10485
            ]
        },
        {
            "깐마늘(국산)_깐마늘(국산)(1kg)": [
                9580,
                14037
            ]
        },
        {
            "방울토마토_방울토마토(1kg)": [
                0,
                8930
            ]
        },
        {
            "방울토마토_대추방울토마토(1kg)": [
                8200,
                8640
            ]
        },
        {
            "참깨_백색(국산)(500g)": [
                15000,
                0
            ]
        },
        {
            "땅콩_국산(100g)": [
                1700,
                3050
            ]
        },
        {
            "느타리버섯_느타리버섯(100g)": [
                1050,
                0
            ]
        },
        {
            "느타리버섯_애느타리버섯(100g)": [
                530,
                700
            ]
        },
        {
            "팽이버섯_팽이버섯(150g)": [
                530,
                635
            ]
        },
        {
            "새송이버섯_새송이버섯(100g)": [
                455,
                665
            ]
        },
        {
            "호두_수입(100g)": [
                1300,
                1635
            ]
        },
        {
            "아몬드_수입(100g)": [
                1100,
                1490
            ]
        },
        {
            "사과_후지(10개)": [
                28650,
                0
            ]
        },
        {
            "사과_쓰가루(10개)": [
                0,
                0
            ]
        },
        {
            "사과_홍로(10개)": [
                0,
                0
            ]
        },
        {
            "배_신고(10개)": [
                40000,
                39980
            ]
        },
        {
            "배_원황(10개)": [
                0,
                0
            ]
        },
        {
            "복숭아_백도(10개)": [
                0,
                19080
            ]
        },
        {
            "포도_캠벨얼리(1kg)": [
                0,
                11930
            ]
        },
        {
            "포도_거봉(2kg)": [
                22000,
                35570
            ]
        },
        {
            "포도_MBA(1kg)": [
                0,
                0
            ]
        },
        {
            "포도_샤인머스켓(2kg)": [
                32500,
                59890
            ]
        },
        {
            "포도_레드글로브 페루(1kg)": [
                0,
                0
            ]
        },
        {
            "감귤_노지(10개)": [
                0,
                0
            ]
        },
        {
            "감귤_시설(10개)": [
                0,
                0
            ]
        },
        {
            "단감_단감(10개)": [
                0,
                0
            ]
        },
        {
            "바나나_수입(100g)": [
                340,
                340
            ]
        },
        {
            "참다래_그린 뉴질랜드(10개)": [
                9330,
                8160
            ]
        },
        {
            "참다래_국산(10개)": [
                0,
                0
            ]
        },
        {
            "파인애플_수입(1개)": [
                5500,
                6980
            ]
        },
        {
            "오렌지_네이블 미국(10개)": [
                0,
                0
            ]
        },
        {
            "오렌지_네이블 호주(10개)": [
                0,
                0
            ]
        },
        {
            "레몬_수입(10개)": [
                0,
                9500
            ]
        },
        {
            "체리_수입(100g)": [
                2145,
                3525
            ]
        },
        {
            "건포도_수입(100g)": [
                0,
                0
            ]
        },
        {
            "건블루베리_수입(100g)": [
                0,
                0
            ]
        },
        {
            "망고_수입(1개)": [
                0,
                0
            ]
        },
        {
            "고등어_생선(1마리)": [
                0,
                0
            ]
        },
        {
            "고등어_냉동(1마리)": [
                0,
                0
            ]
        },
        {
            "고등어_염장(2마리)": [
                4500,
                5200
            ]
        },
        {
            "꽁치_냉동(수입)(5마리)": [
                0,
                4900
            ]
        },
        {
            "갈치_생선(1마리)": [
                0,
                0
            ]
        },
        {
            "갈치_냉동(1마리)": [
                0,
                0
            ]
        },
        {
            "명태_냉동(1마리)": [
                0,
                0
            ]
        },
        {
            "물오징어_생선(1마리)": [
                0,
                0
            ]
        },
        {
            "물오징어_냉동(1마리)": [
                0,
                0
            ]
        },
        {
            "건멸치_건멸치(100g)": [
                1600,
                3775
            ]
        },
        {
            "건오징어_건오징어(10마리)": [
                51600,
                68130
            ]
        },
        {
            "김_마른김(10장)": [
                760,
                0
            ]
        },
        {
            "김_얼구운김(10장)": [
                800,
                2085
            ]
        },
        {
            "건미역_건미역(100g)": [
                1600,
                2990
            ]
        },
        {
            "굴_굴(1kg)": [
                0,
                0
            ]
        },
        {
            "수입조기_부세수입(냉동)(1마리)": [
                0,
                0
            ]
        },
        {
            "새우젓_새우젓(1kg)": [
                16000,
                20680
            ]
        },
        {
            "멸치액젓_멸치액젓(1kg)": [
                5660,
                5090
            ]
        },
        {
            "굵은소금_굵은소금(5kg)": [
                7330,
                11975
            ]
        },
        {
            "전복_전복(5마리)": [
                14000,
                21500
            ]
        },
        {
            "새우_흰다리(수입)(10마리)": [
                5050,
                0
            ]
        }
    ]
}