{
    "Result": [
        {
            "쌀_일반계(20kg)": [
                59300,
                45900
            ]
        },
        {
            "쌀_햇일반계(20kg) ": [
                0,
                0
            ]
        },
        {
            "찹쌀_일반계(1kg)": [
                4790,
                5000
            ]
        },
        {
            "콩_흰 콩(국산)(500g)": [
                4380,
                6990
            ]
        },
        {
            "팥_붉은 팥(국산)(500g)": [
                7400,
                5000
            ]
        },
        {
            "녹두_국산(500g)": [
                10000,
                0
            ]
        },
        {
            "고구마_밤(1kg)": [
                5080,
                5450
            ]
        },
        {
            "감자_수미(100g)": [
                405,
                490
            ]
        },
        {
            "배추_가을(1포기)": [
                0,
                0
            ]
        },
        {
            "배추_월동(1포기)": [
                0,
                0
            ]
        },
        {
            "배추_봄(1포기)": [
                0,
                0
            ]
        },
        {
            "배추_고랭지(1포기)": [
                8830,
                4390
            ]
        },
        {
            "양배추_양배추(1포기)": [
                3500,
                3740
            ]
        },
        {
            "시금치_시금치(1kg)": [
                0,
                33290
            ]
        },
        {
            "상추_적(100g)": [
                1080,
                1850
            ]
        },
        {
            "상추_청(100g)": [
                0,
                2490
            ]
        },
        {
            "얼갈이배추_얼갈이배추(1kg)": [
                2630,
                7250
            ]
        },
        {
            "갓_갓(1kg)": [
                0,
                0
            ]
        },
        {
            "수박_수박(1개)": [
                25300,
                27990
            ]
        },
        {
            "참외_참외(10개)": [
                0,
                21410
            ]
        },
        {
            "오이_가시계통(10개)": [
                10000,
                16630
            ]
        },
        {
            "오이_다다기계통(10개)": [
                10000,
                11630
            ]
        },
        {
            "오이_취청(10개)": [
                0,
                0
            ]
        },
        {
            "호박_애호박(1개)": [
                1250,
                1240
            ]
        },
        {
            "호박_쥬키니(1개)": [
                0,
                0
            ]
        },
        {
            "토마토_토마토(1kg)": [
                0,
                8330
            ]
        },
        {
            "딸기_딸기(100g)": [
                0,
                0
            ]
        },
        {
            "무_가을(1개)": [
                0,
                0
            ]
        },
        {
            "무_월동(1개)": [
                0,
                0
            ]
        },
        {
            "무_봄(1개)": [
                0,
                0
            ]
        },
        {
            "무_고랭지(1개)": [
                2500,
                2390
            ]
        },
        {
            "당근_무세척(1kg)": [
                2610,
                4700
            ]
        },
        {
            "열무_열무(1kg)": [
                3500,
                7250
            ]
        },
        {
            "건고추_화건(600g)": [
                0,
                0
            ]
        },
        {
            "건고추_양건(600g)": [
                16000,
                0
            ]
        },
        {
            "풋고추_풋고추(100g)": [
                0,
                1060
            ]
        },
        {
            "풋고추_꽈리고추(100g)": [
                950,
                1660
            ]
        },
        {
            "풋고추_청양고추(100g)": [
                1065,
                830
            ]
        },
        {
            "붉은고추_붉은고추(100g)": [
                980,
                1580
            ]
        },
        {
            "양파_양파(1kg)": [
                1930,
                3120
            ]
        },
        {
            "파_대파(1kg)": [
                2310,
                4580
            ]
        },
        {
            "파_쪽파(1kg)": [
                6730,
                0
            ]
        },
        {
            "생강_국산(1kg)": [
                7330,
                8600
            ]
        },
        {
            "고춧가루_국산(1kg)": [
                29000,
                33600
            ]
        },
        {
            "미나리_미나리(100g)": [
                660,
                0
            ]
        },
        {
            "깻잎_깻잎(100g)": [
                1700,
                3130
            ]
        },
        {
            "피망_청(100g)": [
                1000,
                1200
            ]
        },
        {
            "파프리카_파프리카(200g)": [
                1580,
                2290
            ]
        },
        {
            "멜론_멜론(1개)": [
                0,
                0
            ]
        },
        {
            "깐마늘(국산)_깐마늘(국산)(1kg)": [
                10500,
                15630
            ]
        },
        {
            "방울토마토_방울토마토(1kg)": [
                0,
                9320
            ]
        },
        {
            "방울토마토_대추방울토마토(1kg)": [
                7000,
                9410
            ]
        },
        {
            "참깨_백색(국산)(500g)": [
                16600,
                0
            ]
        },
        {
            "땅콩_국산(100g)": [
                2030,
                2500
            ]
        },
        {
            "느타리버섯_느타리버섯(100g)": [
                0,
                0
            ]
        },
        {
            "느타리버섯_애느타리버섯(100g)": [
                500,
                700
            ]
        },
        {
            "팽이버섯_팽이버섯(150g)": [
                500,
                640
            ]
        },
        {
            "새송이버섯_새송이버섯(100g)": [
                500,
                670
            ]
        },
        {
            "호두_수입(100g)": [
                1520,
                1110
            ]
        },
        {
            "아몬드_수입(100g)": [
                1420,
                1000
            ]
        },
        {
            "사과_후지(10개)": [
                22500,
                0
            ]
        },
        {
            "사과_쓰가루(10개)": [
                0,
                0
            ]
        },
        {
            "사과_홍로(10개)": [
                0,
                0
            ]
        },
        {
            "배_신고(10개)": [
                29150,
                39980
            ]
        },
        {
            "배_원황(10개)": [
                0,
                0
            ]
        },
        {
            "복숭아_백도(10개)": [
                16600,
                29980
            ]
        },
        {
            "포도_캠벨얼리(1kg)": [
                0,
                19990
            ]
        },
        {
            "포도_거봉(2kg)": [
                0,
                39990
            ]
        },
        {
            "포도_MBA(1kg)": [
                0,
                0
            ]
        },
        {
            "포도_샤인머스켓(2kg)": [
                0,
                59980
            ]
        },
        {
            "포도_레드글로브 페루(1kg)": [
                0,
                0
            ]
        },
        {
            "감귤_노지(10개)": [
                0,
                0
            ]
        },
        {
            "감귤_시설(10개)": [
                0,
                0
            ]
        },
        {
            "단감_단감(10개)": [
                0,
                0
            ]
        },
        {
            "바나나_수입(100g)": [
                0,
                0
            ]
        },
        {
            "참다래_그린 뉴질랜드(10개)": [
                10000,
                9370
            ]
        },
        {
            "참다래_국산(10개)": [
                0,
                0
            ]
        },
        {
            "파인애플_수입(1개)": [
                0,
                0
            ]
        },
        {
            "오렌지_네이블 미국(10개)": [
                0,
                0
            ]
        },
        {
            "오렌지_네이블 호주(10개)": [
                0,
                0
            ]
        },
        {
            "레몬_수입(10개)": [
                0,
                9900
            ]
        },
        {
            "체리_수입(100g)": [
                0,
                4000
            ]
        },
        {
            "건포도_수입(100g)": [
                0,
                0
            ]
        },
        {
            "건블루베리_수입(100g)": [
                0,
                0
            ]
        },
        {
            "망고_수입(1개)": [
                0,
                0
            ]
        },
        {
            "고등어_생선(1마리)": [
                0,
                0
            ]
        },
        {
            "고등어_냉동(1마리)": [
                0,
                0
            ]
        },
        {
            "고등어_염장(2마리)": [
                4660,
                5200
            ]
        },
        {
            "꽁치_냉동(수입)(5마리)": [
                0,
                6450
            ]
        },
        {
            "갈치_생선(1마리)": [
                0,
                0
            ]
        },
        {
            "갈치_냉동(1마리)": [
                0,
                0
            ]
        },
        {
            "명태_냉동(1마리)": [
                0,
                0
            ]
        },
        {
            "물오징어_생선(1마리)": [
                0,
                0
            ]
        },
        {
            "물오징어_냉동(1마리)": [
                0,
                0
            ]
        },
        {
            "건멸치_건멸치(100g)": [
                2340,
                4360
            ]
        },
        {
            "건오징어_건오징어(10마리)": [
                54100,
                0
            ]
        },
        {
            "김_마른김(10장)": [
                1030,
                0
            ]
        },
        {
            "김_얼구운김(10장)": [
                1230,
                2490
            ]
        },
        {
            "건미역_건미역(100g)": [
                1860,
                5490
            ]
        },
        {
            "굴_굴(1kg)": [
                0,
                0
            ]
        },
        {
            "수입조기_부세수입(냉동)(1마리)": [
                3500,
                3990
            ]
        },
        {
            "새우젓_새우젓(1kg)": [
                15600,
                20680
            ]
        },
        {
            "멸치액젓_멸치액젓(1kg)": [
                6330,
                5380
            ]
        },
        {
            "굵은소금_굵은소금(5kg)": [
                6330,
                9990
            ]
        },
        {
            "전복_전복(5마리)": [
                0,
                0
            ]
        },
        {
            "새우_흰다리(수입)(10마리)": [
                0,
                0
            ]
        }
    ]
}