{
    "Result": [
        {
            "쌀_일반계(20kg)": [
                53429,
                47663
            ]
        },
        {
            "쌀_햇일반계(20kg) ": [
                0,
                0
            ]
        },
        {
            "찹쌀_일반계(1kg)": [
                4016,
                3744
            ]
        },
        {
            "콩_흰 콩(국산)(500g)": [
                4161,
                6469
            ]
        },
        {
            "팥_붉은 팥(국산)(500g)": [
                6634,
                8259
            ]
        },
        {
            "녹두_국산(500g)": [
                10245,
                17800
            ]
        },
        {
            "고구마_밤(1kg)": [
                4643,
                5964
            ]
        },
        {
            "감자_수미(100g)": [
                323,
                408
            ]
        },
        {
            "배추_가을(1포기)": [
                0,
                0
            ]
        },
        {
            "배추_월동(1포기)": [
                0,
                0
            ]
        },
        {
            "배추_봄(1포기)": [
                0,
                0
            ]
        },
        {
            "배추_고랭지(1포기)": [
                7788,
                4839
            ]
        },
        {
            "양배추_양배추(1포기)": [
                3751,
                4087
            ]
        },
        {
            "시금치_시금치(1kg)": [
                10906,
                27594
            ]
        },
        {
            "상추_적(100g)": [
                1138,
                1952
            ]
        },
        {
            "상추_청(100g)": [
                1167,
                2239
            ]
        },
        {
            "얼갈이배추_얼갈이배추(1kg)": [
                2799,
                4682
            ]
        },
        {
            "갓_갓(1kg)": [
                0,
                0
            ]
        },
        {
            "수박_수박(1개)": [
                25261,
                24744
            ]
        },
        {
            "참외_참외(10개)": [
                17320,
                22622
            ]
        },
        {
            "오이_가시계통(10개)": [
                10058,
                14096
            ]
        },
        {
            "오이_다다기계통(10개)": [
                7682,
                11104
            ]
        },
        {
            "오이_취청(10개)": [
                10350,
                13076
            ]
        },
        {
            "호박_애호박(1개)": [
                1262,
                1408
            ]
        },
        {
            "호박_쥬키니(1개)": [
                1140,
                1643
            ]
        },
        {
            "토마토_토마토(1kg)": [
                5031,
                7914
            ]
        },
        {
            "딸기_딸기(100g)": [
                0,
                0
            ]
        },
        {
            "무_가을(1개)": [
                0,
                0
            ]
        },
        {
            "무_월동(1개)": [
                0,
                0
            ]
        },
        {
            "무_봄(1개)": [
                0,
                0
            ]
        },
        {
            "무_고랭지(1개)": [
                3027,
                2553
            ]
        },
        {
            "당근_무세척(1kg)": [
                2802,
                4207
            ]
        },
        {
            "열무_열무(1kg)": [
                2939,
                4568
            ]
        },
        {
            "건고추_화건(600g)": [
                13889,
                0
            ]
        },
        {
            "건고추_양건(600g)": [
                17130,
                11000
            ]
        },
        {
            "풋고추_풋고추(100g)": [
                1010,
                1210
            ]
        },
        {
            "풋고추_꽈리고추(100g)": [
                988,
                1790
            ]
        },
        {
            "풋고추_청양고추(100g)": [
                888,
                931
            ]
        },
        {
            "붉은고추_붉은고추(100g)": [
                915,
                1640
            ]
        },
        {
            "양파_양파(1kg)": [
                1998,
                2790
            ]
        },
        {
            "파_대파(1kg)": [
                2540,
                3331
            ]
        },
        {
            "파_쪽파(1kg)": [
                6502,
                12203
            ]
        },
        {
            "생강_국산(1kg)": [
                6267,
                10033
            ]
        },
        {
            "고춧가루_국산(1kg)": [
                28412,
                31116
            ]
        },
        {
            "미나리_미나리(100g)": [
                700,
                0
            ]
        },
        {
            "깻잎_깻잎(100g)": [
                1708,
                2681
            ]
        },
        {
            "피망_청(100g)": [
                720,
                1183
            ]
        },
        {
            "파프리카_파프리카(200g)": [
                1553,
                2119
            ]
        },
        {
            "멜론_멜론(1개)": [
                10250,
                9886
            ]
        },
        {
            "깐마늘(국산)_깐마늘(국산)(1kg)": [
                9817,
                13673
            ]
        },
        {
            "방울토마토_방울토마토(1kg)": [
                0,
                9067
            ]
        },
        {
            "방울토마토_대추방울토마토(1kg)": [
                7306,
                8296
            ]
        },
        {
            "참깨_백색(국산)(500g)": [
                15723,
                22533
            ]
        },
        {
            "땅콩_국산(100g)": [
                1962,
                3105
            ]
        },
        {
            "느타리버섯_느타리버섯(100g)": [
                1042,
                1455
            ]
        },
        {
            "느타리버섯_애느타리버섯(100g)": [
                511,
                617
            ]
        },
        {
            "팽이버섯_팽이버섯(150g)": [
                553,
                611
            ]
        },
        {
            "새송이버섯_새송이버섯(100g)": [
                478,
                570
            ]
        },
        {
            "호두_수입(100g)": [
                1725,
                1640
            ]
        },
        {
            "아몬드_수입(100g)": [
                1450,
                1461
            ]
        },
        {
            "사과_후지(10개)": [
                26456,
                27233
            ]
        },
        {
            "사과_쓰가루(10개)": [
                0,
                0
            ]
        },
        {
            "사과_홍로(10개)": [
                0,
                0
            ]
        },
        {
            "배_신고(10개)": [
                35175,
                41255
            ]
        },
        {
            "배_원황(10개)": [
                0,
                0
            ]
        },
        {
            "복숭아_백도(10개)": [
                19567,
                22068
            ]
        },
        {
            "포도_캠벨얼리(1kg)": [
                10730,
                14575
            ]
        },
        {
            "포도_거봉(2kg)": [
                25033,
                37244
            ]
        },
        {
            "포도_MBA(1kg)": [
                0,
                0
            ]
        },
        {
            "포도_샤인머스켓(2kg)": [
                35750,
                53533
            ]
        },
        {
            "포도_레드글로브 페루(1kg)": [
                0,
                0
            ]
        },
        {
            "감귤_노지(10개)": [
                0,
                0
            ]
        },
        {
            "감귤_시설(10개)": [
                0,
                0
            ]
        },
        {
            "단감_단감(10개)": [
                0,
                0
            ]
        },
        {
            "바나나_수입(100g)": [
                306,
                331
            ]
        },
        {
            "참다래_그린 뉴질랜드(10개)": [
                8104,
                8587
            ]
        },
        {
            "참다래_국산(10개)": [
                0,
                0
            ]
        },
        {
            "파인애플_수입(1개)": [
                5913,
                5362
            ]
        },
        {
            "오렌지_네이블 미국(10개)": [
                0,
                0
            ]
        },
        {
            "오렌지_네이블 호주(10개)": [
                0,
                0
            ]
        },
        {
            "레몬_수입(10개)": [
                7349,
                9747
            ]
        },
        {
            "체리_수입(100g)": [
                2153,
                3037
            ]
        },
        {
            "건포도_수입(100g)": [
                0,
                0
            ]
        },
        {
            "건블루베리_수입(100g)": [
                0,
                0
            ]
        },
        {
            "망고_수입(1개)": [
                0,
                0
            ]
        },
        {
            "고등어_생선(1마리)": [
                0,
                0
            ]
        },
        {
            "고등어_냉동(1마리)": [
                0,
                0
            ]
        },
        {
            "고등어_염장(2마리)": [
                3601,
                4920
            ]
        },
        {
            "꽁치_냉동(수입)(5마리)": [
                6482,
                6136
            ]
        },
        {
            "갈치_생선(1마리)": [
                0,
                0
            ]
        },
        {
            "갈치_냉동(1마리)": [
                0,
                0
            ]
        },
        {
            "명태_냉동(1마리)": [
                0,
                0
            ]
        },
        {
            "물오징어_생선(1마리)": [
                0,
                0
            ]
        },
        {
            "물오징어_냉동(1마리)": [
                0,
                0
            ]
        },
        {
            "건멸치_건멸치(100g)": [
                1979,
                3267
            ]
        },
        {
            "건오징어_건오징어(10마리)": [
                53875,
                69759
            ]
        },
        {
            "김_마른김(10장)": [
                851,
                1333
            ]
        },
        {
            "김_얼구운김(10장)": [
                1020,
                2012
            ]
        },
        {
            "건미역_건미역(100g)": [
                1900,
                3727
            ]
        },
        {
            "굴_굴(1kg)": [
                0,
                0
            ]
        },
        {
            "수입조기_부세수입(냉동)(1마리)": [
                3625,
                4012
            ]
        },
        {
            "새우젓_새우젓(1kg)": [
                15360,
                22960
            ]
        },
        {
            "멸치액젓_멸치액젓(1kg)": [
                5350,
                5056
            ]
        },
        {
            "굵은소금_굵은소금(5kg)": [
                7857,
                13386
            ]
        },
        {
            "전복_전복(5마리)": [
                14825,
                16136
            ]
        },
        {
            "새우_흰다리(수입)(10마리)": [
                4626,
                5080
            ]
        }
    ]
}