{
    "Result": [
        {
            "쌀_일반계(20kg)": [
                49600,
                47020
            ]
        },
        {
            "쌀_햇일반계(20kg) ": [
                0,
                0
            ]
        },
        {
            "찹쌀_일반계(1kg)": [
                4130,
                3684
            ]
        },
        {
            "콩_흰 콩(국산)(500g)": [
                4105,
                7070
            ]
        },
        {
            "팥_붉은 팥(국산)(500g)": [
                7210,
                9206
            ]
        },
        {
            "녹두_국산(500g)": [
                10600,
                17000
            ]
        },
        {
            "고구마_밤(1kg)": [
                4580,
                5652
            ]
        },
        {
            "감자_수미(100g)": [
                342,
                431
            ]
        },
        {
            "배추_가을(1포기)": [
                0,
                0
            ]
        },
        {
            "배추_월동(1포기)": [
                0,
                0
            ]
        },
        {
            "배추_봄(1포기)": [
                0,
                0
            ]
        },
        {
            "배추_고랭지(1포기)": [
                8160,
                4856
            ]
        },
        {
            "양배추_양배추(1포기)": [
                3830,
                3656
            ]
        },
        {
            "시금치_시금치(1kg)": [
                11600,
                22480
            ]
        },
        {
            "상추_적(100g)": [
                1267,
                2032
            ]
        },
        {
            "상추_청(100g)": [
                1287,
                2265
            ]
        },
        {
            "얼갈이배추_얼갈이배추(1kg)": [
                3055,
                4564
            ]
        },
        {
            "갓_갓(1kg)": [
                0,
                0
            ]
        },
        {
            "수박_수박(1개)": [
                25000,
                20575
            ]
        },
        {
            "참외_참외(10개)": [
                0,
                23810
            ]
        },
        {
            "오이_가시계통(10개)": [
                0,
                16630
            ]
        },
        {
            "오이_다다기계통(10개)": [
                8860,
                10950
            ]
        },
        {
            "오이_취청(10개)": [
                10600,
                12748
            ]
        },
        {
            "호박_애호박(1개)": [
                1290,
                1526
            ]
        },
        {
            "호박_쥬키니(1개)": [
                0,
                1685
            ]
        },
        {
            "토마토_토마토(1kg)": [
                4665,
                8554
            ]
        },
        {
            "딸기_딸기(100g)": [
                0,
                0
            ]
        },
        {
            "무_가을(1개)": [
                0,
                0
            ]
        },
        {
            "무_월동(1개)": [
                0,
                0
            ]
        },
        {
            "무_봄(1개)": [
                0,
                0
            ]
        },
        {
            "무_고랭지(1개)": [
                3080,
                2536
            ]
        },
        {
            "당근_무세척(1kg)": [
                2745,
                4116
            ]
        },
        {
            "열무_열무(1kg)": [
                2860,
                4208
            ]
        },
        {
            "건고추_화건(600g)": [
                0,
                0
            ]
        },
        {
            "건고추_양건(600g)": [
                18650,
                0
            ]
        },
        {
            "풋고추_풋고추(100g)": [
                0,
                1232
            ]
        },
        {
            "풋고추_꽈리고추(100g)": [
                1185,
                1804
            ]
        },
        {
            "풋고추_청양고추(100g)": [
                915,
                904
            ]
        },
        {
            "붉은고추_붉은고추(100g)": [
                1165,
                1656
            ]
        },
        {
            "양파_양파(1kg)": [
                2137,
                2544
            ]
        },
        {
            "파_대파(1kg)": [
                2415,
                3472
            ]
        },
        {
            "파_쪽파(1kg)": [
                6192,
                12608
            ]
        },
        {
            "생강_국산(1kg)": [
                5707,
                9486
            ]
        },
        {
            "고춧가루_국산(1kg)": [
                33450,
                29895
            ]
        },
        {
            "미나리_미나리(100g)": [
                800,
                0
            ]
        },
        {
            "깻잎_깻잎(100g)": [
                1725,
                2712
            ]
        },
        {
            "피망_청(100g)": [
                660,
                1142
            ]
        },
        {
            "파프리카_파프리카(200g)": [
                1915,
                2250
            ]
        },
        {
            "멜론_멜론(1개)": [
                8995,
                9350
            ]
        },
        {
            "깐마늘(국산)_깐마늘(국산)(1kg)": [
                9915,
                13777
            ]
        },
        {
            "방울토마토_방울토마토(1kg)": [
                0,
                9060
            ]
        },
        {
            "방울토마토_대추방울토마토(1kg)": [
                6790,
                8212
            ]
        },
        {
            "참깨_백색(국산)(500g)": [
                15100,
                24100
            ]
        },
        {
            "땅콩_국산(100g)": [
                1770,
                3160
            ]
        },
        {
            "느타리버섯_느타리버섯(100g)": [
                1200,
                1790
            ]
        },
        {
            "느타리버섯_애느타리버섯(100g)": [
                490,
                570
            ]
        },
        {
            "팽이버섯_팽이버섯(150g)": [
                580,
                584
            ]
        },
        {
            "새송이버섯_새송이버섯(100g)": [
                530,
                561
            ]
        },
        {
            "호두_수입(100g)": [
                1635,
                1734
            ]
        },
        {
            "아몬드_수입(100g)": [
                1450,
                1440
            ]
        },
        {
            "사과_후지(10개)": [
                27150,
                32990
            ]
        },
        {
            "사과_쓰가루(10개)": [
                0,
                0
            ]
        },
        {
            "사과_홍로(10개)": [
                0,
                0
            ]
        },
        {
            "배_신고(10개)": [
                31350,
                37080
            ]
        },
        {
            "배_원황(10개)": [
                0,
                0
            ]
        },
        {
            "복숭아_백도(10개)": [
                0,
                21384
            ]
        },
        {
            "포도_캠벨얼리(1kg)": [
                12400,
                14298
            ]
        },
        {
            "포도_거봉(2kg)": [
                0,
                36792
            ]
        },
        {
            "포도_MBA(1kg)": [
                0,
                0
            ]
        },
        {
            "포도_샤인머스켓(2kg)": [
                0,
                51476
            ]
        },
        {
            "포도_레드글로브 페루(1kg)": [
                0,
                0
            ]
        },
        {
            "감귤_노지(10개)": [
                0,
                0
            ]
        },
        {
            "감귤_시설(10개)": [
                0,
                0
            ]
        },
        {
            "단감_단감(10개)": [
                0,
                0
            ]
        },
        {
            "바나나_수입(100g)": [
                295,
                340
            ]
        },
        {
            "참다래_그린 뉴질랜드(10개)": [
                0,
                8268
            ]
        },
        {
            "참다래_국산(10개)": [
                0,
                0
            ]
        },
        {
            "파인애플_수입(1개)": [
                5500,
                6980
            ]
        },
        {
            "오렌지_네이블 미국(10개)": [
                0,
                0
            ]
        },
        {
            "오렌지_네이블 호주(10개)": [
                0,
                0
            ]
        },
        {
            "레몬_수입(10개)": [
                6350,
                9535
            ]
        },
        {
            "체리_수입(100g)": [
                2125,
                2495
            ]
        },
        {
            "건포도_수입(100g)": [
                0,
                0
            ]
        },
        {
            "건블루베리_수입(100g)": [
                0,
                0
            ]
        },
        {
            "망고_수입(1개)": [
                0,
                0
            ]
        },
        {
            "고등어_생선(1마리)": [
                0,
                0
            ]
        },
        {
            "고등어_냉동(1마리)": [
                0,
                0
            ]
        },
        {
            "고등어_염장(2마리)": [
                3500,
                3980
            ]
        },
        {
            "꽁치_냉동(수입)(5마리)": [
                0,
                6196
            ]
        },
        {
            "갈치_생선(1마리)": [
                0,
                0
            ]
        },
        {
            "갈치_냉동(1마리)": [
                0,
                0
            ]
        },
        {
            "명태_냉동(1마리)": [
                0,
                0
            ]
        },
        {
            "물오징어_생선(1마리)": [
                0,
                0
            ]
        },
        {
            "물오징어_냉동(1마리)": [
                0,
                0
            ]
        },
        {
            "건멸치_건멸치(100g)": [
                1845,
                3083
            ]
        },
        {
            "건오징어_건오징어(10마리)": [
                52450,
                73815
            ]
        },
        {
            "김_마른김(10장)": [
                790,
                1260
            ]
        },
        {
            "김_얼구운김(10장)": [
                910,
                1992
            ]
        },
        {
            "건미역_건미역(100g)": [
                1750,
                3534
            ]
        },
        {
            "굴_굴(1kg)": [
                0,
                0
            ]
        },
        {
            "수입조기_부세수입(냉동)(1마리)": [
                3500,
                3888
            ]
        },
        {
            "새우젓_새우젓(1kg)": [
                19150,
                23227
            ]
        },
        {
            "멸치액젓_멸치액젓(1kg)": [
                4810,
                5094
            ]
        },
        {
            "굵은소금_굵은소금(5kg)": [
                9700,
                14080
            ]
        },
        {
            "전복_전복(5마리)": [
                12800,
                15767
            ]
        },
        {
            "새우_흰다리(수입)(10마리)": [
                3885,
                4900
            ]
        }
    ]
}