{
    "Result": [
        {
            "쌀_일반계(20kg)": [
                52935,
                47256
            ]
        },
        {
            "쌀_햇일반계(20kg) ": [
                0,
                0
            ]
        },
        {
            "찹쌀_일반계(1kg)": [
                3993,
                3735
            ]
        },
        {
            "콩_흰 콩(국산)(500g)": [
                4152,
                6469
            ]
        },
        {
            "팥_붉은 팥(국산)(500g)": [
                6624,
                8280
            ]
        },
        {
            "녹두_국산(500g)": [
                10249,
                17800
            ]
        },
        {
            "고구마_밤(1kg)": [
                4660,
                6797
            ]
        },
        {
            "감자_수미(100g)": [
                325,
                428
            ]
        },
        {
            "배추_가을(1포기)": [
                0,
                0
            ]
        },
        {
            "배추_월동(1포기)": [
                0,
                0
            ]
        },
        {
            "배추_봄(1포기)": [
                0,
                0
            ]
        },
        {
            "배추_고랭지(1포기)": [
                7950,
                5057
            ]
        },
        {
            "양배추_양배추(1포기)": [
                4022,
                4337
            ]
        },
        {
            "시금치_시금치(1kg)": [
                10833,
                26035
            ]
        },
        {
            "상추_적(100g)": [
                1267,
                1957
            ]
        },
        {
            "상추_청(100g)": [
                1314,
                2321
            ]
        },
        {
            "얼갈이배추_얼갈이배추(1kg)": [
                3022,
                4683
            ]
        },
        {
            "갓_갓(1kg)": [
                0,
                0
            ]
        },
        {
            "수박_수박(1개)": [
                25409,
                25789
            ]
        },
        {
            "참외_참외(10개)": [
                17400,
                24313
            ]
        },
        {
            "오이_가시계통(10개)": [
                10625,
                14625
            ]
        },
        {
            "오이_다다기계통(10개)": [
                9112,
                13716
            ]
        },
        {
            "오이_취청(10개)": [
                11900,
                14767
            ]
        },
        {
            "호박_애호박(1개)": [
                1703,
                2075
            ]
        },
        {
            "호박_쥬키니(1개)": [
                1500,
                2093
            ]
        },
        {
            "토마토_토마토(1kg)": [
                4874,
                7078
            ]
        },
        {
            "딸기_딸기(100g)": [
                0,
                0
            ]
        },
        {
            "무_가을(1개)": [
                0,
                0
            ]
        },
        {
            "무_월동(1개)": [
                0,
                0
            ]
        },
        {
            "무_봄(1개)": [
                0,
                0
            ]
        },
        {
            "무_고랭지(1개)": [
                3112,
                2673
            ]
        },
        {
            "당근_무세척(1kg)": [
                2823,
                4244
            ]
        },
        {
            "열무_열무(1kg)": [
                3474,
                4646
            ]
        },
        {
            "건고추_화건(600g)": [
                13500,
                0
            ]
        },
        {
            "건고추_양건(600g)": [
                16822,
                0
            ]
        },
        {
            "풋고추_풋고추(100g)": [
                1003,
                1741
            ]
        },
        {
            "풋고추_꽈리고추(100g)": [
                978,
                1815
            ]
        },
        {
            "풋고추_청양고추(100g)": [
                888,
                1165
            ]
        },
        {
            "붉은고추_붉은고추(100g)": [
                855,
                1967
            ]
        },
        {
            "양파_양파(1kg)": [
                2015,
                2481
            ]
        },
        {
            "파_대파(1kg)": [
                2754,
                3423
            ]
        },
        {
            "파_쪽파(1kg)": [
                6395,
                11906
            ]
        },
        {
            "생강_국산(1kg)": [
                6258,
                10061
            ]
        },
        {
            "고춧가루_국산(1kg)": [
                28282,
                31116
            ]
        },
        {
            "미나리_미나리(100g)": [
                778,
                0
            ]
        },
        {
            "깻잎_깻잎(100g)": [
                1684,
                2741
            ]
        },
        {
            "피망_청(100g)": [
                703,
                1230
            ]
        },
        {
            "파프리카_파프리카(200g)": [
                1654,
                2281
            ]
        },
        {
            "멜론_멜론(1개)": [
                10841,
                9826
            ]
        },
        {
            "깐마늘(국산)_깐마늘(국산)(1kg)": [
                9794,
                13933
            ]
        },
        {
            "방울토마토_방울토마토(1kg)": [
                0,
                9874
            ]
        },
        {
            "방울토마토_대추방울토마토(1kg)": [
                7631,
                10523
            ]
        },
        {
            "참깨_백색(국산)(500g)": [
                15592,
                22533
            ]
        },
        {
            "땅콩_국산(100g)": [
                1962,
                3105
            ]
        },
        {
            "느타리버섯_느타리버섯(100g)": [
                1023,
                1430
            ]
        },
        {
            "느타리버섯_애느타리버섯(100g)": [
                514,
                616
            ]
        },
        {
            "팽이버섯_팽이버섯(150g)": [
                547,
                611
            ]
        },
        {
            "새송이버섯_새송이버섯(100g)": [
                491,
                561
            ]
        },
        {
            "호두_수입(100g)": [
                1725,
                1590
            ]
        },
        {
            "아몬드_수입(100g)": [
                1450,
                1483
            ]
        },
        {
            "사과_후지(10개)": [
                27915,
                24511
            ]
        },
        {
            "사과_쓰가루(10개)": [
                0,
                0
            ]
        },
        {
            "사과_홍로(10개)": [
                0,
                0
            ]
        },
        {
            "배_신고(10개)": [
                34555,
                40624
            ]
        },
        {
            "배_원황(10개)": [
                0,
                0
            ]
        },
        {
            "복숭아_백도(10개)": [
                19160,
                21842
            ]
        },
        {
            "포도_캠벨얼리(1kg)": [
                10111,
                12671
            ]
        },
        {
            "포도_거봉(2kg)": [
                24650,
                34786
            ]
        },
        {
            "포도_MBA(1kg)": [
                0,
                0
            ]
        },
        {
            "포도_샤인머스켓(2kg)": [
                34971,
                55091
            ]
        },
        {
            "포도_레드글로브 페루(1kg)": [
                0,
                0
            ]
        },
        {
            "감귤_노지(10개)": [
                0,
                0
            ]
        },
        {
            "감귤_시설(10개)": [
                0,
                0
            ]
        },
        {
            "단감_단감(10개)": [
                0,
                0
            ]
        },
        {
            "바나나_수입(100g)": [
                303,
                334
            ]
        },
        {
            "참다래_그린 뉴질랜드(10개)": [
                8041,
                8901
            ]
        },
        {
            "참다래_국산(10개)": [
                0,
                0
            ]
        },
        {
            "파인애플_수입(1개)": [
                5913,
                6440
            ]
        },
        {
            "오렌지_네이블 미국(10개)": [
                0,
                0
            ]
        },
        {
            "오렌지_네이블 호주(10개)": [
                0,
                0
            ]
        },
        {
            "레몬_수입(10개)": [
                7349,
                9505
            ]
        },
        {
            "체리_수입(100g)": [
                2132,
                2893
            ]
        },
        {
            "건포도_수입(100g)": [
                0,
                0
            ]
        },
        {
            "건블루베리_수입(100g)": [
                0,
                0
            ]
        },
        {
            "망고_수입(1개)": [
                0,
                0
            ]
        },
        {
            "고등어_생선(1마리)": [
                0,
                0
            ]
        },
        {
            "고등어_냉동(1마리)": [
                0,
                0
            ]
        },
        {
            "고등어_염장(2마리)": [
                3841,
                3957
            ]
        },
        {
            "꽁치_냉동(수입)(5마리)": [
                6482,
                6155
            ]
        },
        {
            "갈치_생선(1마리)": [
                0,
                0
            ]
        },
        {
            "갈치_냉동(1마리)": [
                0,
                0
            ]
        },
        {
            "명태_냉동(1마리)": [
                0,
                0
            ]
        },
        {
            "물오징어_생선(1마리)": [
                0,
                0
            ]
        },
        {
            "물오징어_냉동(1마리)": [
                0,
                0
            ]
        },
        {
            "건멸치_건멸치(100g)": [
                1972,
                3463
            ]
        },
        {
            "건오징어_건오징어(10마리)": [
                53988,
                75433
            ]
        },
        {
            "김_마른김(10장)": [
                848,
                1333
            ]
        },
        {
            "김_얼구운김(10장)": [
                1048,
                2012
            ]
        },
        {
            "건미역_건미역(100g)": [
                1896,
                3727
            ]
        },
        {
            "굴_굴(1kg)": [
                0,
                0
            ]
        },
        {
            "수입조기_부세수입(냉동)(1마리)": [
                3614,
                4010
            ]
        },
        {
            "새우젓_새우젓(1kg)": [
                15286,
                22835
            ]
        },
        {
            "멸치액젓_멸치액젓(1kg)": [
                5404,
                5044
            ]
        },
        {
            "굵은소금_굵은소금(5kg)": [
                7809,
                13386
            ]
        },
        {
            "전복_전복(5마리)": [
                14667,
                15587
            ]
        },
        {
            "새우_흰다리(수입)(10마리)": [
                4817,
                5069
            ]
        }
    ]
}