{
    "Result": [
        {
            "쌀_일반계(20kg)": [
                52212,
                46811
            ]
        },
        {
            "쌀_햇일반계(20kg) ": [
                0,
                0
            ]
        },
        {
            "찹쌀_일반계(1kg)": [
                3993,
                3761
            ]
        },
        {
            "콩_흰 콩(국산)(500g)": [
                4152,
                6250
            ]
        },
        {
            "팥_붉은 팥(국산)(500g)": [
                6629,
                8364
            ]
        },
        {
            "녹두_국산(500g)": [
                10228,
                17800
            ]
        },
        {
            "고구마_밤(1kg)": [
                4674,
                6534
            ]
        },
        {
            "감자_수미(100g)": [
                325,
                416
            ]
        },
        {
            "배추_가을(1포기)": [
                0,
                0
            ]
        },
        {
            "배추_월동(1포기)": [
                0,
                0
            ]
        },
        {
            "배추_봄(1포기)": [
                0,
                0
            ]
        },
        {
            "배추_고랭지(1포기)": [
                7268,
                4876
            ]
        },
        {
            "양배추_양배추(1포기)": [
                3684,
                3581
            ]
        },
        {
            "시금치_시금치(1kg)": [
                16200,
                36828
            ]
        },
        {
            "상추_적(100g)": [
                1753,
                2452
            ]
        },
        {
            "상추_청(100g)": [
                1826,
                2758
            ]
        },
        {
            "얼갈이배추_얼갈이배추(1kg)": [
                3641,
                5924
            ]
        },
        {
            "갓_갓(1kg)": [
                0,
                0
            ]
        },
        {
            "수박_수박(1개)": [
                23556,
                26990
            ]
        },
        {
            "참외_참외(10개)": [
                18425,
                25348
            ]
        },
        {
            "오이_가시계통(10개)": [
                13233,
                20461
            ]
        },
        {
            "오이_다다기계통(10개)": [
                13671,
                16674
            ]
        },
        {
            "오이_취청(10개)": [
                13825,
                19583
            ]
        },
        {
            "호박_애호박(1개)": [
                2373,
                2771
            ]
        },
        {
            "호박_쥬키니(1개)": [
                2538,
                4344
            ]
        },
        {
            "토마토_토마토(1kg)": [
                4731,
                6787
            ]
        },
        {
            "딸기_딸기(100g)": [
                0,
                0
            ]
        },
        {
            "무_가을(1개)": [
                0,
                0
            ]
        },
        {
            "무_월동(1개)": [
                0,
                0
            ]
        },
        {
            "무_봄(1개)": [
                0,
                0
            ]
        },
        {
            "무_고랭지(1개)": [
                3190,
                2725
            ]
        },
        {
            "당근_무세척(1kg)": [
                2877,
                4522
            ]
        },
        {
            "열무_열무(1kg)": [
                4069,
                5669
            ]
        },
        {
            "건고추_화건(600g)": [
                0,
                0
            ]
        },
        {
            "건고추_양건(600g)": [
                0,
                0
            ]
        },
        {
            "풋고추_풋고추(100g)": [
                990,
                1869
            ]
        },
        {
            "풋고추_꽈리고추(100g)": [
                1075,
                2097
            ]
        },
        {
            "풋고추_청양고추(100g)": [
                911,
                1540
            ]
        },
        {
            "붉은고추_붉은고추(100g)": [
                850,
                1985
            ]
        },
        {
            "양파_양파(1kg)": [
                2310,
                2659
            ]
        },
        {
            "파_대파(1kg)": [
                2786,
                3908
            ]
        },
        {
            "파_쪽파(1kg)": [
                6270,
                12647
            ]
        },
        {
            "생강_국산(1kg)": [
                6263,
                10033
            ]
        },
        {
            "고춧가루_국산(1kg)": [
                28741,
                31116
            ]
        },
        {
            "미나리_미나리(100g)": [
                987,
                1990
            ]
        },
        {
            "깻잎_깻잎(100g)": [
                1894,
                3059
            ]
        },
        {
            "피망_청(100g)": [
                746,
                1359
            ]
        },
        {
            "파프리카_파프리카(200g)": [
                1772,
                2491
            ]
        },
        {
            "멜론_멜론(1개)": [
                10789,
                10774
            ]
        },
        {
            "깐마늘(국산)_깐마늘(국산)(1kg)": [
                9823,
                13483
            ]
        },
        {
            "방울토마토_방울토마토(1kg)": [
                0,
                9643
            ]
        },
        {
            "방울토마토_대추방울토마토(1kg)": [
                7569,
                10331
            ]
        },
        {
            "참깨_백색(국산)(500g)": [
                15592,
                22533
            ]
        },
        {
            "땅콩_국산(100g)": [
                1962,
                3105
            ]
        },
        {
            "느타리버섯_느타리버섯(100g)": [
                1050,
                1355
            ]
        },
        {
            "느타리버섯_애느타리버섯(100g)": [
                515,
                623
            ]
        },
        {
            "팽이버섯_팽이버섯(150g)": [
                560,
                626
            ]
        },
        {
            "새송이버섯_새송이버섯(100g)": [
                493,
                571
            ]
        },
        {
            "호두_수입(100g)": [
                1725,
                1590
            ]
        },
        {
            "아몬드_수입(100g)": [
                1450,
                1491
            ]
        },
        {
            "사과_후지(10개)": [
                32289,
                29670
            ]
        },
        {
            "사과_쓰가루(10개)": [
                0,
                0
            ]
        },
        {
            "사과_홍로(10개)": [
                0,
                0
            ]
        },
        {
            "배_신고(10개)": [
                40214,
                44602
            ]
        },
        {
            "배_원황(10개)": [
                33125,
                30248
            ]
        },
        {
            "복숭아_백도(10개)": [
                20140,
                21883
            ]
        },
        {
            "포도_캠벨얼리(1kg)": [
                8684,
                10833
            ]
        },
        {
            "포도_거봉(2kg)": [
                20786,
                32426
            ]
        },
        {
            "포도_MBA(1kg)": [
                0,
                0
            ]
        },
        {
            "포도_샤인머스켓(2kg)": [
                32750,
                52460
            ]
        },
        {
            "포도_레드글로브 페루(1kg)": [
                0,
                0
            ]
        },
        {
            "감귤_노지(10개)": [
                0,
                0
            ]
        },
        {
            "감귤_시설(10개)": [
                0,
                0
            ]
        },
        {
            "단감_단감(10개)": [
                0,
                0
            ]
        },
        {
            "바나나_수입(100g)": [
                303,
                343
            ]
        },
        {
            "참다래_그린 뉴질랜드(10개)": [
                8181,
                8910
            ]
        },
        {
            "참다래_국산(10개)": [
                0,
                0
            ]
        },
        {
            "파인애플_수입(1개)": [
                6494,
                6980
            ]
        },
        {
            "오렌지_네이블 미국(10개)": [
                0,
                0
            ]
        },
        {
            "오렌지_네이블 호주(10개)": [
                0,
                0
            ]
        },
        {
            "레몬_수입(10개)": [
                7286,
                9412
            ]
        },
        {
            "체리_수입(100g)": [
                2078,
                2730
            ]
        },
        {
            "건포도_수입(100g)": [
                0,
                0
            ]
        },
        {
            "건블루베리_수입(100g)": [
                0,
                0
            ]
        },
        {
            "망고_수입(1개)": [
                0,
                0
            ]
        },
        {
            "고등어_생선(1마리)": [
                0,
                0
            ]
        },
        {
            "고등어_냉동(1마리)": [
                0,
                0
            ]
        },
        {
            "고등어_염장(2마리)": [
                3841,
                5014
            ]
        },
        {
            "꽁치_냉동(수입)(5마리)": [
                6655,
                6150
            ]
        },
        {
            "갈치_생선(1마리)": [
                0,
                0
            ]
        },
        {
            "갈치_냉동(1마리)": [
                0,
                0
            ]
        },
        {
            "명태_냉동(1마리)": [
                0,
                0
            ]
        },
        {
            "물오징어_생선(1마리)": [
                0,
                0
            ]
        },
        {
            "물오징어_냉동(1마리)": [
                0,
                0
            ]
        },
        {
            "건멸치_건멸치(100g)": [
                1972,
                3475
            ]
        },
        {
            "건오징어_건오징어(10마리)": [
                53988,
                75178
            ]
        },
        {
            "김_마른김(10장)": [
                848,
                1333
            ]
        },
        {
            "김_얼구운김(10장)": [
                1048,
                1994
            ]
        },
        {
            "건미역_건미역(100g)": [
                1896,
                3727
            ]
        },
        {
            "굴_굴(1kg)": [
                0,
                0
            ]
        },
        {
            "수입조기_부세수입(냉동)(1마리)": [
                3594,
                3766
            ]
        },
        {
            "새우젓_새우젓(1kg)": [
                15286,
                20391
            ]
        },
        {
            "멸치액젓_멸치액젓(1kg)": [
                5404,
                5044
            ]
        },
        {
            "굵은소금_굵은소금(5kg)": [
                7843,
                13386
            ]
        },
        {
            "전복_전복(5마리)": [
                14667,
                16532
            ]
        },
        {
            "새우_흰다리(수입)(10마리)": [
                4817,
                5069
            ]
        }
    ]
}