{
    "Result": [
        {
            "쌀_일반계(20kg)": [
                56700,
                46900
            ]
        },
        {
            "쌀_햇일반계(20kg) ": [
                0,
                0
            ]
        },
        {
            "찹쌀_일반계(1kg)": [
                3640,
                3850
            ]
        },
        {
            "콩_흰 콩(국산)(500g)": [
                4170,
                5490
            ]
        },
        {
            "팥_붉은 팥(국산)(500g)": [
                6630,
                6765
            ]
        },
        {
            "녹두_국산(500g)": [
                10000,
                0
            ]
        },
        {
            "고구마_밤(1kg)": [
                4995,
                6050
            ]
        },
        {
            "감자_수미(100g)": [
                370,
                440
            ]
        },
        {
            "배추_가을(1포기)": [
                0,
                0
            ]
        },
        {
            "배추_월동(1포기)": [
                0,
                0
            ]
        },
        {
            "배추_봄(1포기)": [
                0,
                0
            ]
        },
        {
            "배추_고랭지(1포기)": [
                8125,
                4685
            ]
        },
        {
            "양배추_양배추(1포기)": [
                3830,
                3485
            ]
        },
        {
            "시금치_시금치(1kg)": [
                10300,
                38645
            ]
        },
        {
            "상추_적(100g)": [
                1455,
                2465
            ]
        },
        {
            "상추_청(100g)": [
                1265,
                3310
            ]
        },
        {
            "얼갈이배추_얼갈이배추(1kg)": [
                2750,
                7035
            ]
        },
        {
            "갓_갓(1kg)": [
                0,
                0
            ]
        },
        {
            "수박_수박(1개)": [
                21600,
                0
            ]
        },
        {
            "참외_참외(10개)": [
                16800,
                22170
            ]
        },
        {
            "오이_가시계통(10개)": [
                10800,
                21000
            ]
        },
        {
            "오이_다다기계통(10개)": [
                12600,
                16295
            ]
        },
        {
            "오이_취청(10개)": [
                0,
                18270
            ]
        },
        {
            "호박_애호박(1개)": [
                2250,
                2485
            ]
        },
        {
            "호박_쥬키니(1개)": [
                1830,
                4580
            ]
        },
        {
            "토마토_토마토(1kg)": [
                5000,
                6510
            ]
        },
        {
            "딸기_딸기(100g)": [
                0,
                0
            ]
        },
        {
            "무_가을(1개)": [
                0,
                0
            ]
        },
        {
            "무_월동(1개)": [
                0,
                0
            ]
        },
        {
            "무_봄(1개)": [
                0,
                0
            ]
        },
        {
            "무_고랭지(1개)": [
                4000,
                2535
            ]
        },
        {
            "당근_무세척(1kg)": [
                3245,
                4240
            ]
        },
        {
            "열무_열무(1kg)": [
                3370,
                6625
            ]
        },
        {
            "건고추_화건(600g)": [
                0,
                0
            ]
        },
        {
            "건고추_양건(600g)": [
                0,
                0
            ]
        },
        {
            "풋고추_풋고추(100g)": [
                970,
                1860
            ]
        },
        {
            "풋고추_꽈리고추(100g)": [
                1025,
                2125
            ]
        },
        {
            "풋고추_청양고추(100g)": [
                835,
                1790
            ]
        },
        {
            "붉은고추_붉은고추(100g)": [
                835,
                2075
            ]
        },
        {
            "양파_양파(1kg)": [
                2330,
                2765
            ]
        },
        {
            "파_대파(1kg)": [
                2750,
                4015
            ]
        },
        {
            "파_쪽파(1kg)": [
                7160,
                0
            ]
        },
        {
            "생강_국산(1kg)": [
                5500,
                10465
            ]
        },
        {
            "고춧가루_국산(1kg)": [
                26200,
                33600
            ]
        },
        {
            "미나리_미나리(100g)": [
                0,
                0
            ]
        },
        {
            "깻잎_깻잎(100g)": [
                1630,
                2530
            ]
        },
        {
            "피망_청(100g)": [
                630,
                1395
            ]
        },
        {
            "파프리카_파프리카(200g)": [
                1580,
                2660
            ]
        },
        {
            "멜론_멜론(1개)": [
                12300,
                11485
            ]
        },
        {
            "깐마늘(국산)_깐마늘(국산)(1kg)": [
                9580,
                15280
            ]
        },
        {
            "방울토마토_방울토마토(1kg)": [
                0,
                9200
            ]
        },
        {
            "방울토마토_대추방울토마토(1kg)": [
                7730,
                11510
            ]
        },
        {
            "참깨_백색(국산)(500g)": [
                15000,
                0
            ]
        },
        {
            "땅콩_국산(100g)": [
                1700,
                3050
            ]
        },
        {
            "느타리버섯_느타리버섯(100g)": [
                1050,
                0
            ]
        },
        {
            "느타리버섯_애느타리버섯(100g)": [
                530,
                700
            ]
        },
        {
            "팽이버섯_팽이버섯(150g)": [
                460,
                625
            ]
        },
        {
            "새송이버섯_새송이버섯(100g)": [
                480,
                665
            ]
        },
        {
            "호두_수입(100g)": [
                1300,
                1635
            ]
        },
        {
            "아몬드_수입(100g)": [
                1100,
                1490
            ]
        },
        {
            "사과_후지(10개)": [
                35300,
                0
            ]
        },
        {
            "사과_쓰가루(10개)": [
                0,
                0
            ]
        },
        {
            "사과_홍로(10개)": [
                0,
                0
            ]
        },
        {
            "배_신고(10개)": [
                45000,
                0
            ]
        },
        {
            "배_원황(10개)": [
                46600,
                31575
            ]
        },
        {
            "복숭아_백도(10개)": [
                0,
                22350
            ]
        },
        {
            "포도_캠벨얼리(1kg)": [
                0,
                8960
            ]
        },
        {
            "포도_거봉(2kg)": [
                21000,
                34210
            ]
        },
        {
            "포도_MBA(1kg)": [
                0,
                0
            ]
        },
        {
            "포도_샤인머스켓(2kg)": [
                31300,
                55890
            ]
        },
        {
            "포도_레드글로브 페루(1kg)": [
                0,
                0
            ]
        },
        {
            "감귤_노지(10개)": [
                0,
                0
            ]
        },
        {
            "감귤_시설(10개)": [
                0,
                0
            ]
        },
        {
            "단감_단감(10개)": [
                0,
                0
            ]
        },
        {
            "바나나_수입(100g)": [
                340,
                0
            ]
        },
        {
            "참다래_그린 뉴질랜드(10개)": [
                9330,
                9435
            ]
        },
        {
            "참다래_국산(10개)": [
                0,
                0
            ]
        },
        {
            "파인애플_수입(1개)": [
                6000,
                6980
            ]
        },
        {
            "오렌지_네이블 미국(10개)": [
                0,
                0
            ]
        },
        {
            "오렌지_네이블 호주(10개)": [
                0,
                0
            ]
        },
        {
            "레몬_수입(10개)": [
                0,
                9475
            ]
        },
        {
            "체리_수입(100g)": [
                2145,
                2975
            ]
        },
        {
            "건포도_수입(100g)": [
                0,
                0
            ]
        },
        {
            "건블루베리_수입(100g)": [
                0,
                0
            ]
        },
        {
            "망고_수입(1개)": [
                0,
                0
            ]
        },
        {
            "고등어_생선(1마리)": [
                0,
                0
            ]
        },
        {
            "고등어_냉동(1마리)": [
                0,
                0
            ]
        },
        {
            "고등어_염장(2마리)": [
                4500,
                5200
            ]
        },
        {
            "꽁치_냉동(수입)(5마리)": [
                0,
                4900
            ]
        },
        {
            "갈치_생선(1마리)": [
                0,
                0
            ]
        },
        {
            "갈치_냉동(1마리)": [
                0,
                0
            ]
        },
        {
            "명태_냉동(1마리)": [
                0,
                0
            ]
        },
        {
            "물오징어_생선(1마리)": [
                0,
                0
            ]
        },
        {
            "물오징어_냉동(1마리)": [
                0,
                0
            ]
        },
        {
            "건멸치_건멸치(100g)": [
                1620,
                4175
            ]
        },
        {
            "건오징어_건오징어(10마리)": [
                51600,
                74800
            ]
        },
        {
            "김_마른김(10장)": [
                760,
                0
            ]
        },
        {
            "김_얼구운김(10장)": [
                800,
                2085
            ]
        },
        {
            "건미역_건미역(100g)": [
                1600,
                2990
            ]
        },
        {
            "굴_굴(1kg)": [
                0,
                0
            ]
        },
        {
            "수입조기_부세수입(냉동)(1마리)": [
                0,
                0
            ]
        },
        {
            "새우젓_새우젓(1kg)": [
                16000,
                14570
            ]
        },
        {
            "멸치액젓_멸치액젓(1kg)": [
                5660,
                5090
            ]
        },
        {
            "굵은소금_굵은소금(5kg)": [
                7330,
                11975
            ]
        },
        {
            "전복_전복(5마리)": [
                14000,
                18270
            ]
        },
        {
            "새우_흰다리(수입)(10마리)": [
                5050,
                0
            ]
        }
    ]
}