{
    "Result": [
        {
            "쌀_일반계(20kg)": [
                55000,
                45900
            ]
        },
        {
            "쌀_햇일반계(20kg) ": [
                0,
                0
            ]
        },
        {
            "찹쌀_일반계(1kg)": [
                4100,
                3200
            ]
        },
        {
            "콩_흰 콩(국산)(500g)": [
                4770,
                8990
            ]
        },
        {
            "팥_붉은 팥(국산)(500g)": [
                7000,
                12900
            ]
        },
        {
            "녹두_국산(500g)": [
                11000,
                0
            ]
        },
        {
            "고구마_밤(1kg)": [
                4830,
                8560
            ]
        },
        {
            "감자_수미(100g)": [
                350,
                490
            ]
        },
        {
            "배추_가을(1포기)": [
                0,
                0
            ]
        },
        {
            "배추_월동(1포기)": [
                0,
                0
            ]
        },
        {
            "배추_봄(1포기)": [
                0,
                0
            ]
        },
        {
            "배추_고랭지(1포기)": [
                8330,
                5690
            ]
        },
        {
            "양배추_양배추(1포기)": [
                4160,
                4290
            ]
        },
        {
            "시금치_시금치(1kg)": [
                25000,
                37440
            ]
        },
        {
            "상추_적(100g)": [
                2125,
                2460
            ]
        },
        {
            "상추_청(100g)": [
                2125,
                2460
            ]
        },
        {
            "얼갈이배추_얼갈이배추(1kg)": [
                3500,
                4490
            ]
        },
        {
            "갓_갓(1kg)": [
                0,
                0
            ]
        },
        {
            "수박_수박(1개)": [
                23000,
                0
            ]
        },
        {
            "참외_참외(10개)": [
                0,
                25800
            ]
        },
        {
            "오이_가시계통(10개)": [
                0,
                0
            ]
        },
        {
            "오이_다다기계통(10개)": [
                13300,
                17630
            ]
        },
        {
            "오이_취청(10개)": [
                0,
                17900
            ]
        },
        {
            "호박_애호박(1개)": [
                2410,
                3490
            ]
        },
        {
            "호박_쥬키니(1개)": [
                0,
                3990
            ]
        },
        {
            "토마토_토마토(1kg)": [
                4000,
                8990
            ]
        },
        {
            "딸기_딸기(100g)": [
                0,
                0
            ]
        },
        {
            "무_가을(1개)": [
                0,
                0
            ]
        },
        {
            "무_월동(1개)": [
                0,
                0
            ]
        },
        {
            "무_봄(1개)": [
                0,
                0
            ]
        },
        {
            "무_고랭지(1개)": [
                3245,
                2790
            ]
        },
        {
            "당근_무세척(1kg)": [
                2830,
                4900
            ]
        },
        {
            "열무_열무(1kg)": [
                4500,
                4490
            ]
        },
        {
            "건고추_화건(600g)": [
                0,
                0
            ]
        },
        {
            "건고추_양건(600g)": [
                0,
                0
            ]
        },
        {
            "풋고추_풋고추(100g)": [
                0,
                1990
            ]
        },
        {
            "풋고추_꽈리고추(100g)": [
                1125,
                2330
            ]
        },
        {
            "풋고추_청양고추(100g)": [
                1035,
                1330
            ]
        },
        {
            "붉은고추_붉은고추(100g)": [
                955,
                1990
            ]
        },
        {
            "양파_양파(1kg)": [
                2140,
                2650
            ]
        },
        {
            "파_대파(1kg)": [
                3250,
                4270
            ]
        },
        {
            "파_쪽파(1kg)": [
                5690,
                13300
            ]
        },
        {
            "생강_국산(1kg)": [
                6500,
                0
            ]
        },
        {
            "고춧가루_국산(1kg)": [
                30300,
                29800
            ]
        },
        {
            "미나리_미나리(100g)": [
                0,
                0
            ]
        },
        {
            "깻잎_깻잎(100g)": [
                2000,
                3110
            ]
        },
        {
            "피망_청(100g)": [
                700,
                1490
            ]
        },
        {
            "파프리카_파프리카(200g)": [
                1750,
                2690
            ]
        },
        {
            "멜론_멜론(1개)": [
                0,
                9990
            ]
        },
        {
            "깐마늘(국산)_깐마늘(국산)(1kg)": [
                11450,
                16630
            ]
        },
        {
            "방울토마토_방울토마토(1kg)": [
                0,
                10650
            ]
        },
        {
            "방울토마토_대추방울토마토(1kg)": [
                6670,
                8990
            ]
        },
        {
            "참깨_백색(국산)(500g)": [
                0,
                0
            ]
        },
        {
            "땅콩_국산(100g)": [
                0,
                3160
            ]
        },
        {
            "느타리버섯_느타리버섯(100g)": [
                0,
                0
            ]
        },
        {
            "느타리버섯_애느타리버섯(100g)": [
                660,
                560
            ]
        },
        {
            "팽이버섯_팽이버섯(150g)": [
                560,
                600
            ]
        },
        {
            "새송이버섯_새송이버섯(100g)": [
                450,
                580
            ]
        },
        {
            "호두_수입(100g)": [
                2000,
                1430
            ]
        },
        {
            "아몬드_수입(100g)": [
                1750,
                1430
            ]
        },
        {
            "사과_후지(10개)": [
                30000,
                0
            ]
        },
        {
            "사과_쓰가루(10개)": [
                0,
                0
            ]
        },
        {
            "사과_홍로(10개)": [
                0,
                0
            ]
        },
        {
            "배_신고(10개)": [
                40000,
                49670
            ]
        },
        {
            "배_원황(10개)": [
                0,
                23170
            ]
        },
        {
            "복숭아_백도(10개)": [
                0,
                18430
            ]
        },
        {
            "포도_캠벨얼리(1kg)": [
                0,
                0
            ]
        },
        {
            "포도_거봉(2kg)": [
                20000,
                0
            ]
        },
        {
            "포도_MBA(1kg)": [
                0,
                0
            ]
        },
        {
            "포도_샤인머스켓(2kg)": [
                35000,
                45800
            ]
        },
        {
            "포도_레드글로브 페루(1kg)": [
                0,
                0
            ]
        },
        {
            "감귤_노지(10개)": [
                0,
                0
            ]
        },
        {
            "감귤_시설(10개)": [
                0,
                0
            ]
        },
        {
            "단감_단감(10개)": [
                0,
                0
            ]
        },
        {
            "바나나_수입(100g)": [
                285,
                0
            ]
        },
        {
            "참다래_그린 뉴질랜드(10개)": [
                0,
                8880
            ]
        },
        {
            "참다래_국산(10개)": [
                0,
                0
            ]
        },
        {
            "파인애플_수입(1개)": [
                6000,
                0
            ]
        },
        {
            "오렌지_네이블 미국(10개)": [
                0,
                0
            ]
        },
        {
            "오렌지_네이블 호주(10개)": [
                0,
                0
            ]
        },
        {
            "레몬_수입(10개)": [
                7000,
                9900
            ]
        },
        {
            "체리_수입(100g)": [
                2000,
                2420
            ]
        },
        {
            "건포도_수입(100g)": [
                0,
                0
            ]
        },
        {
            "건블루베리_수입(100g)": [
                0,
                0
            ]
        },
        {
            "망고_수입(1개)": [
                0,
                0
            ]
        },
        {
            "고등어_생선(1마리)": [
                0,
                0
            ]
        },
        {
            "고등어_냉동(1마리)": [
                0,
                0
            ]
        },
        {
            "고등어_염장(2마리)": [
                3500,
                0
            ]
        },
        {
            "꽁치_냉동(수입)(5마리)": [
                6250,
                5750
            ]
        },
        {
            "갈치_생선(1마리)": [
                0,
                0
            ]
        },
        {
            "갈치_냉동(1마리)": [
                0,
                0
            ]
        },
        {
            "명태_냉동(1마리)": [
                0,
                0
            ]
        },
        {
            "물오징어_생선(1마리)": [
                0,
                0
            ]
        },
        {
            "물오징어_냉동(1마리)": [
                0,
                0
            ]
        },
        {
            "건멸치_건멸치(100g)": [
                2000,
                0
            ]
        },
        {
            "건오징어_건오징어(10마리)": [
                43700,
                79500
            ]
        },
        {
            "김_마른김(10장)": [
                1100,
                0
            ]
        },
        {
            "김_얼구운김(10장)": [
                1150,
                1990
            ]
        },
        {
            "건미역_건미역(100g)": [
                1900,
                3190
            ]
        },
        {
            "굴_굴(1kg)": [
                0,
                0
            ]
        },
        {
            "수입조기_부세수입(냉동)(1마리)": [
                3500,
                3300
            ]
        },
        {
            "새우젓_새우젓(1kg)": [
                17500,
                0
            ]
        },
        {
            "멸치액젓_멸치액젓(1kg)": [
                5720,
                5380
            ]
        },
        {
            "굵은소금_굵은소금(5kg)": [
                9580,
                16150
            ]
        },
        {
            "전복_전복(5마리)": [
                0,
                14900
            ]
        },
        {
            "새우_흰다리(수입)(10마리)": [
                0,
                4900
            ]
        }
    ]
}