{
    "Result": [
        {
            "쌀_일반계(20kg)": [
                54012,
                48326
            ]
        },
        {
            "쌀_햇일반계(20kg) ": [
                0,
                0
            ]
        },
        {
            "찹쌀_일반계(1kg)": [
                4016,
                3727
            ]
        },
        {
            "콩_흰 콩(국산)(500g)": [
                4192,
                6548
            ]
        },
        {
            "팥_붉은 팥(국산)(500g)": [
                6629,
                8139
            ]
        },
        {
            "녹두_국산(500g)": [
                10220,
                17800
            ]
        },
        {
            "고구마_밤(1kg)": [
                4669,
                6949
            ]
        },
        {
            "감자_수미(100g)": [
                325,
                401
            ]
        },
        {
            "배추_가을(1포기)": [
                0,
                0
            ]
        },
        {
            "배추_월동(1포기)": [
                0,
                0
            ]
        },
        {
            "배추_봄(1포기)": [
                0,
                0
            ]
        },
        {
            "배추_고랭지(1포기)": [
                8142,
                4809
            ]
        },
        {
            "양배추_양배추(1포기)": [
                3813,
                4106
            ]
        },
        {
            "시금치_시금치(1kg)": [
                10825,
                23990
            ]
        },
        {
            "상추_적(100g)": [
                1124,
                2068
            ]
        },
        {
            "상추_청(100g)": [
                1116,
                2336
            ]
        },
        {
            "얼갈이배추_얼갈이배추(1kg)": [
                2759,
                4740
            ]
        },
        {
            "갓_갓(1kg)": [
                0,
                0
            ]
        },
        {
            "수박_수박(1개)": [
                24779,
                24524
            ]
        },
        {
            "참외_참외(10개)": [
                16663,
                19661
            ]
        },
        {
            "오이_가시계통(10개)": [
                9698,
                17297
            ]
        },
        {
            "오이_다다기계통(10개)": [
                7607,
                12900
            ]
        },
        {
            "오이_취청(10개)": [
                11950,
                18194
            ]
        },
        {
            "호박_애호박(1개)": [
                1261,
                1543
            ]
        },
        {
            "호박_쥬키니(1개)": [
                1472,
                1818
            ]
        },
        {
            "토마토_토마토(1kg)": [
                4689,
                7309
            ]
        },
        {
            "딸기_딸기(100g)": [
                0,
                0
            ]
        },
        {
            "무_가을(1개)": [
                0,
                0
            ]
        },
        {
            "무_월동(1개)": [
                0,
                0
            ]
        },
        {
            "무_봄(1개)": [
                0,
                0
            ]
        },
        {
            "무_고랭지(1개)": [
                2927,
                2694
            ]
        },
        {
            "당근_무세척(1kg)": [
                2806,
                4111
            ]
        },
        {
            "열무_열무(1kg)": [
                2931,
                4310
            ]
        },
        {
            "건고추_화건(600g)": [
                14030,
                11980
            ]
        },
        {
            "건고추_양건(600g)": [
                17427,
                11000
            ]
        },
        {
            "풋고추_풋고추(100g)": [
                983,
                1960
            ]
        },
        {
            "풋고추_꽈리고추(100g)": [
                1022,
                2220
            ]
        },
        {
            "풋고추_청양고추(100g)": [
                923,
                1644
            ]
        },
        {
            "붉은고추_붉은고추(100g)": [
                918,
                1691
            ]
        },
        {
            "양파_양파(1kg)": [
                2004,
                2848
            ]
        },
        {
            "파_대파(1kg)": [
                2396,
                3346
            ]
        },
        {
            "파_쪽파(1kg)": [
                6609,
                13026
            ]
        },
        {
            "생강_국산(1kg)": [
                6259,
                10003
            ]
        },
        {
            "고춧가루_국산(1kg)": [
                28441,
                31043
            ]
        },
        {
            "미나리_미나리(100g)": [
                695,
                0
            ]
        },
        {
            "깻잎_깻잎(100g)": [
                1712,
                2696
            ]
        },
        {
            "피망_청(100g)": [
                700,
                1334
            ]
        },
        {
            "파프리카_파프리카(200g)": [
                1280,
                1358
            ]
        },
        {
            "멜론_멜론(1개)": [
                10083,
                9614
            ]
        },
        {
            "깐마늘(국산)_깐마늘(국산)(1kg)": [
                9820,
                15767
            ]
        },
        {
            "방울토마토_방울토마토(1kg)": [
                0,
                7808
            ]
        },
        {
            "방울토마토_대추방울토마토(1kg)": [
                6631,
                8406
            ]
        },
        {
            "참깨_백색(국산)(500g)": [
                15969,
                22533
            ]
        },
        {
            "땅콩_국산(100g)": [
                1962,
                3105
            ]
        },
        {
            "느타리버섯_느타리버섯(100g)": [
                1048,
                1330
            ]
        },
        {
            "느타리버섯_애느타리버섯(100g)": [
                508,
                575
            ]
        },
        {
            "팽이버섯_팽이버섯(150g)": [
                556,
                603
            ]
        },
        {
            "새송이버섯_새송이버섯(100g)": [
                481,
                557
            ]
        },
        {
            "호두_수입(100g)": [
                1725,
                1639
            ]
        },
        {
            "아몬드_수입(100g)": [
                1450,
                1461
            ]
        },
        {
            "사과_후지(10개)": [
                25795,
                23791
            ]
        },
        {
            "사과_쓰가루(10개)": [
                0,
                0
            ]
        },
        {
            "사과_홍로(10개)": [
                0,
                0
            ]
        },
        {
            "배_신고(10개)": [
                34566,
                40331
            ]
        },
        {
            "배_원황(10개)": [
                0,
                0
            ]
        },
        {
            "복숭아_백도(10개)": [
                23463,
                22172
            ]
        },
        {
            "포도_캠벨얼리(1kg)": [
                10997,
                15639
            ]
        },
        {
            "포도_거봉(2kg)": [
                30200,
                39935
            ]
        },
        {
            "포도_MBA(1kg)": [
                0,
                0
            ]
        },
        {
            "포도_샤인머스켓(2kg)": [
                39650,
                56625
            ]
        },
        {
            "포도_레드글로브 페루(1kg)": [
                0,
                0
            ]
        },
        {
            "감귤_노지(10개)": [
                0,
                0
            ]
        },
        {
            "감귤_시설(10개)": [
                0,
                0
            ]
        },
        {
            "단감_단감(10개)": [
                0,
                0
            ]
        },
        {
            "바나나_수입(100g)": [
                309,
                333
            ]
        },
        {
            "참다래_그린 뉴질랜드(10개)": [
                8104,
                8928
            ]
        },
        {
            "참다래_국산(10개)": [
                0,
                0
            ]
        },
        {
            "파인애플_수입(1개)": [
                5941,
                5985
            ]
        },
        {
            "오렌지_네이블 미국(10개)": [
                0,
                0
            ]
        },
        {
            "오렌지_네이블 호주(10개)": [
                0,
                0
            ]
        },
        {
            "레몬_수입(10개)": [
                7349,
                9745
            ]
        },
        {
            "체리_수입(100g)": [
                2193,
                3064
            ]
        },
        {
            "건포도_수입(100g)": [
                0,
                0
            ]
        },
        {
            "건블루베리_수입(100g)": [
                0,
                0
            ]
        },
        {
            "망고_수입(1개)": [
                0,
                0
            ]
        },
        {
            "고등어_생선(1마리)": [
                0,
                0
            ]
        },
        {
            "고등어_냉동(1마리)": [
                0,
                0
            ]
        },
        {
            "고등어_염장(2마리)": [
                3601,
                5010
            ]
        },
        {
            "꽁치_냉동(수입)(5마리)": [
                6482,
                6136
            ]
        },
        {
            "갈치_생선(1마리)": [
                0,
                0
            ]
        },
        {
            "갈치_냉동(1마리)": [
                0,
                0
            ]
        },
        {
            "명태_냉동(1마리)": [
                0,
                0
            ]
        },
        {
            "물오징어_생선(1마리)": [
                0,
                0
            ]
        },
        {
            "물오징어_냉동(1마리)": [
                0,
                0
            ]
        },
        {
            "건멸치_건멸치(100g)": [
                1973,
                3364
            ]
        },
        {
            "건오징어_건오징어(10마리)": [
                53875,
                69505
            ]
        },
        {
            "김_마른김(10장)": [
                851,
                1333
            ]
        },
        {
            "김_얼구운김(10장)": [
                1020,
                2012
            ]
        },
        {
            "건미역_건미역(100g)": [
                1900,
                3727
            ]
        },
        {
            "굴_굴(1kg)": [
                0,
                0
            ]
        },
        {
            "수입조기_부세수입(냉동)(1마리)": [
                3625,
                4012
            ]
        },
        {
            "새우젓_새우젓(1kg)": [
                15360,
                22960
            ]
        },
        {
            "멸치액젓_멸치액젓(1kg)": [
                5359,
                5056
            ]
        },
        {
            "굵은소금_굵은소금(5kg)": [
                7857,
                13386
            ]
        },
        {
            "전복_전복(5마리)": [
                14825,
                15788
            ]
        },
        {
            "새우_흰다리(수입)(10마리)": [
                4652,
                4695
            ]
        }
    ]
}