{
    "Result": [
        {
            "쌀_일반계(20kg)": [
                50600,
                46900
            ]
        },
        {
            "쌀_햇일반계(20kg) ": [
                0,
                0
            ]
        },
        {
            "찹쌀_일반계(1kg)": [
                3500,
                3850
            ]
        },
        {
            "콩_흰 콩(국산)(500g)": [
                3600,
                6485
            ]
        },
        {
            "팥_붉은 팥(국산)(500g)": [
                5600,
                8985
            ]
        },
        {
            "녹두_국산(500g)": [
                9000,
                0
            ]
        },
        {
            "고구마_밤(1kg)": [
                4665,
                6215
            ]
        },
        {
            "감자_수미(100g)": [
                345,
                430
            ]
        },
        {
            "배추_가을(1포기)": [
                0,
                0
            ]
        },
        {
            "배추_월동(1포기)": [
                0,
                0
            ]
        },
        {
            "배추_봄(1포기)": [
                0,
                0
            ]
        },
        {
            "배추_고랭지(1포기)": [
                6715,
                4685
            ]
        },
        {
            "양배추_양배추(1포기)": [
                3830,
                3585
            ]
        },
        {
            "시금치_시금치(1kg)": [
                11600,
                38645
            ]
        },
        {
            "상추_적(100g)": [
                1500,
                2460
            ]
        },
        {
            "상추_청(100g)": [
                1400,
                3310
            ]
        },
        {
            "얼갈이배추_얼갈이배추(1kg)": [
                2930,
                6695
            ]
        },
        {
            "갓_갓(1kg)": [
                0,
                0
            ]
        },
        {
            "수박_수박(1개)": [
                26900,
                0
            ]
        },
        {
            "참외_참외(10개)": [
                15900,
                26650
            ]
        },
        {
            "오이_가시계통(10개)": [
                0,
                18700
            ]
        },
        {
            "오이_다다기계통(10개)": [
                0,
                16295
            ]
        },
        {
            "오이_취청(10개)": [
                15000,
                19120
            ]
        },
        {
            "호박_애호박(1개)": [
                1935,
                2485
            ]
        },
        {
            "호박_쥬키니(1개)": [
                2000,
                0
            ]
        },
        {
            "토마토_토마토(1kg)": [
                5000,
                6755
            ]
        },
        {
            "딸기_딸기(100g)": [
                0,
                0
            ]
        },
        {
            "무_가을(1개)": [
                0,
                0
            ]
        },
        {
            "무_월동(1개)": [
                0,
                0
            ]
        },
        {
            "무_봄(1개)": [
                0,
                0
            ]
        },
        {
            "무_고랭지(1개)": [
                3265,
                2670
            ]
        },
        {
            "당근_무세척(1kg)": [
                2910,
                4340
            ]
        },
        {
            "열무_열무(1kg)": [
                3130,
                4690
            ]
        },
        {
            "건고추_화건(600g)": [
                0,
                0
            ]
        },
        {
            "건고추_양건(600g)": [
                0,
                0
            ]
        },
        {
            "풋고추_풋고추(100g)": [
                0,
                1860
            ]
        },
        {
            "풋고추_꽈리고추(100g)": [
                935,
                2125
            ]
        },
        {
            "풋고추_청양고추(100g)": [
                835,
                1790
            ]
        },
        {
            "붉은고추_붉은고추(100g)": [
                850,
                2075
            ]
        },
        {
            "양파_양파(1kg)": [
                1935,
                2765
            ]
        },
        {
            "파_대파(1kg)": [
                2620,
                4015
            ]
        },
        {
            "파_쪽파(1kg)": [
                6130,
                0
            ]
        },
        {
            "생강_국산(1kg)": [
                5915,
                9585
            ]
        },
        {
            "고춧가루_국산(1kg)": [
                25000,
                33600
            ]
        },
        {
            "미나리_미나리(100g)": [
                650,
                0
            ]
        },
        {
            "깻잎_깻잎(100g)": [
                1900,
                2625
            ]
        },
        {
            "피망_청(100g)": [
                760,
                1270
            ]
        },
        {
            "파프리카_파프리카(200g)": [
                1660,
                2560
            ]
        },
        {
            "멜론_멜론(1개)": [
                0,
                11485
            ]
        },
        {
            "깐마늘(국산)_깐마늘(국산)(1kg)": [
                9500,
                13620
            ]
        },
        {
            "방울토마토_방울토마토(1kg)": [
                0,
                9260
            ]
        },
        {
            "방울토마토_대추방울토마토(1kg)": [
                7500,
                11510
            ]
        },
        {
            "참깨_백색(국산)(500g)": [
                15500,
                0
            ]
        },
        {
            "땅콩_국산(100g)": [
                2200,
                3050
            ]
        },
        {
            "느타리버섯_느타리버섯(100g)": [
                900,
                0
            ]
        },
        {
            "느타리버섯_애느타리버섯(100g)": [
                0,
                700
            ]
        },
        {
            "팽이버섯_팽이버섯(150g)": [
                560,
                635
            ]
        },
        {
            "새송이버섯_새송이버섯(100g)": [
                480,
                665
            ]
        },
        {
            "호두_수입(100g)": [
                1800,
                1635
            ]
        },
        {
            "아몬드_수입(100g)": [
                1430,
                1490
            ]
        },
        {
            "사과_후지(10개)": [
                31900,
                0
            ]
        },
        {
            "사과_쓰가루(10개)": [
                0,
                0
            ]
        },
        {
            "사과_홍로(10개)": [
                0,
                0
            ]
        },
        {
            "배_신고(10개)": [
                41800,
                0
            ]
        },
        {
            "배_원황(10개)": [
                39500,
                31575
            ]
        },
        {
            "복숭아_백도(10개)": [
                24300,
                22350
            ]
        },
        {
            "포도_캠벨얼리(1kg)": [
                10800,
                10945
            ]
        },
        {
            "포도_거봉(2kg)": [
                0,
                34210
            ]
        },
        {
            "포도_MBA(1kg)": [
                0,
                0
            ]
        },
        {
            "포도_샤인머스켓(2kg)": [
                32000,
                55890
            ]
        },
        {
            "포도_레드글로브 페루(1kg)": [
                0,
                0
            ]
        },
        {
            "감귤_노지(10개)": [
                0,
                0
            ]
        },
        {
            "감귤_시설(10개)": [
                0,
                0
            ]
        },
        {
            "단감_단감(10개)": [
                0,
                0
            ]
        },
        {
            "바나나_수입(100g)": [
                295,
                320
            ]
        },
        {
            "참다래_그린 뉴질랜드(10개)": [
                7660,
                8765
            ]
        },
        {
            "참다래_국산(10개)": [
                0,
                0
            ]
        },
        {
            "파인애플_수입(1개)": [
                6000,
                6980
            ]
        },
        {
            "오렌지_네이블 미국(10개)": [
                0,
                0
            ]
        },
        {
            "오렌지_네이블 호주(10개)": [
                0,
                0
            ]
        },
        {
            "레몬_수입(10개)": [
                7300,
                9800
            ]
        },
        {
            "체리_수입(100g)": [
                2400,
                2975
            ]
        },
        {
            "건포도_수입(100g)": [
                0,
                0
            ]
        },
        {
            "건블루베리_수입(100g)": [
                0,
                0
            ]
        },
        {
            "망고_수입(1개)": [
                0,
                0
            ]
        },
        {
            "고등어_생선(1마리)": [
                0,
                0
            ]
        },
        {
            "고등어_냉동(1마리)": [
                0,
                0
            ]
        },
        {
            "고등어_염장(2마리)": [
                3000,
                5200
            ]
        },
        {
            "꽁치_냉동(수입)(5마리)": [
                0,
                5975
            ]
        },
        {
            "갈치_생선(1마리)": [
                0,
                0
            ]
        },
        {
            "갈치_냉동(1마리)": [
                0,
                0
            ]
        },
        {
            "명태_냉동(1마리)": [
                0,
                0
            ]
        },
        {
            "물오징어_생선(1마리)": [
                0,
                0
            ]
        },
        {
            "물오징어_냉동(1마리)": [
                0,
                0
            ]
        },
        {
            "건멸치_건멸치(100g)": [
                2000,
                4175
            ]
        },
        {
            "건오징어_건오징어(10마리)": [
                55000,
                73270
            ]
        },
        {
            "김_마른김(10장)": [
                800,
                0
            ]
        },
        {
            "김_얼구운김(10장)": [
                960,
                2085
            ]
        },
        {
            "건미역_건미역(100g)": [
                1600,
                4240
            ]
        },
        {
            "굴_굴(1kg)": [
                0,
                0
            ]
        },
        {
            "수입조기_부세수입(냉동)(1마리)": [
                3500,
                0
            ]
        },
        {
            "새우젓_새우젓(1kg)": [
                11300,
                18895
            ]
        },
        {
            "멸치액젓_멸치액젓(1kg)": [
                5000,
                5090
            ]
        },
        {
            "굵은소금_굵은소금(5kg)": [
                5580,
                11975
            ]
        },
        {
            "전복_전복(5마리)": [
                15800,
                18750
            ]
        },
        {
            "새우_흰다리(수입)(10마리)": [
                4200,
                0
            ]
        }
    ]
}