{
    "Result": [
        {
            "쌀_일반계(20kg)": [
                54088,
                48326
            ]
        },
        {
            "쌀_햇일반계(20kg) ": [
                0,
                0
            ]
        },
        {
            "찹쌀_일반계(1kg)": [
                4016,
                3720
            ]
        },
        {
            "콩_흰 콩(국산)(500g)": [
                4211,
                6613
            ]
        },
        {
            "팥_붉은 팥(국산)(500g)": [
                6639,
                8324
            ]
        },
        {
            "녹두_국산(500g)": [
                10220,
                17800
            ]
        },
        {
            "고구마_밤(1kg)": [
                4653,
                6863
            ]
        },
        {
            "감자_수미(100g)": [
                336,
                393
            ]
        },
        {
            "배추_가을(1포기)": [
                0,
                0
            ]
        },
        {
            "배추_월동(1포기)": [
                0,
                0
            ]
        },
        {
            "배추_봄(1포기)": [
                0,
                0
            ]
        },
        {
            "배추_고랭지(1포기)": [
                8645,
                6198
            ]
        },
        {
            "양배추_양배추(1포기)": [
                4017,
                3672
            ]
        },
        {
            "시금치_시금치(1kg)": [
                10560,
                29943
            ]
        },
        {
            "상추_적(100g)": [
                1226,
                2224
            ]
        },
        {
            "상추_청(100g)": [
                1171,
                2492
            ]
        },
        {
            "얼갈이배추_얼갈이배추(1kg)": [
                2798,
                5380
            ]
        },
        {
            "갓_갓(1kg)": [
                0,
                0
            ]
        },
        {
            "수박_수박(1개)": [
                24168,
                24092
            ]
        },
        {
            "참외_참외(10개)": [
                14044,
                19542
            ]
        },
        {
            "오이_가시계통(10개)": [
                10198,
                17479
            ]
        },
        {
            "오이_다다기계통(10개)": [
                7917,
                12440
            ]
        },
        {
            "오이_취청(10개)": [
                12525,
                18361
            ]
        },
        {
            "호박_애호박(1개)": [
                1328,
                1533
            ]
        },
        {
            "호박_쥬키니(1개)": [
                1584,
                1835
            ]
        },
        {
            "토마토_토마토(1kg)": [
                4343,
                7262
            ]
        },
        {
            "딸기_딸기(100g)": [
                0,
                0
            ]
        },
        {
            "무_가을(1개)": [
                0,
                0
            ]
        },
        {
            "무_월동(1개)": [
                0,
                0
            ]
        },
        {
            "무_봄(1개)": [
                0,
                0
            ]
        },
        {
            "무_고랭지(1개)": [
                2916,
                2708
            ]
        },
        {
            "당근_무세척(1kg)": [
                2806,
                4111
            ]
        },
        {
            "열무_열무(1kg)": [
                2985,
                4532
            ]
        },
        {
            "건고추_화건(600g)": [
                14030,
                11980
            ]
        },
        {
            "건고추_양건(600g)": [
                17427,
                11000
            ]
        },
        {
            "풋고추_풋고추(100g)": [
                1083,
                1960
            ]
        },
        {
            "풋고추_꽈리고추(100g)": [
                1045,
                2220
            ]
        },
        {
            "풋고추_청양고추(100g)": [
                1002,
                1640
            ]
        },
        {
            "붉은고추_붉은고추(100g)": [
                937,
                1690
            ]
        },
        {
            "양파_양파(1kg)": [
                2004,
                2791
            ]
        },
        {
            "파_대파(1kg)": [
                2407,
                3307
            ]
        },
        {
            "파_쪽파(1kg)": [
                6754,
                13218
            ]
        },
        {
            "생강_국산(1kg)": [
                6259,
                10003
            ]
        },
        {
            "고춧가루_국산(1kg)": [
                28306,
                31043
            ]
        },
        {
            "미나리_미나리(100g)": [
                727,
                0
            ]
        },
        {
            "깻잎_깻잎(100g)": [
                1755,
                2747
            ]
        },
        {
            "피망_청(100g)": [
                706,
                1340
            ]
        },
        {
            "파프리카_파프리카(200g)": [
                1231,
                1365
            ]
        },
        {
            "멜론_멜론(1개)": [
                10083,
                9763
            ]
        },
        {
            "깐마늘(국산)_깐마늘(국산)(1kg)": [
                9850,
                15671
            ]
        },
        {
            "방울토마토_방울토마토(1kg)": [
                0,
                7808
            ]
        },
        {
            "방울토마토_대추방울토마토(1kg)": [
                6388,
                8245
            ]
        },
        {
            "참깨_백색(국산)(500g)": [
                15969,
                22533
            ]
        },
        {
            "땅콩_국산(100g)": [
                1962,
                3105
            ]
        },
        {
            "느타리버섯_느타리버섯(100g)": [
                1084,
                1330
            ]
        },
        {
            "느타리버섯_애느타리버섯(100g)": [
                502,
                613
            ]
        },
        {
            "팽이버섯_팽이버섯(150g)": [
                556,
                602
            ]
        },
        {
            "새송이버섯_새송이버섯(100g)": [
                484,
                545
            ]
        },
        {
            "호두_수입(100g)": [
                1725,
                1622
            ]
        },
        {
            "아몬드_수입(100g)": [
                1450,
                1461
            ]
        },
        {
            "사과_후지(10개)": [
                25527,
                23409
            ]
        },
        {
            "사과_쓰가루(10개)": [
                0,
                0
            ]
        },
        {
            "사과_홍로(10개)": [
                0,
                0
            ]
        },
        {
            "배_신고(10개)": [
                34362,
                40317
            ]
        },
        {
            "배_원황(10개)": [
                0,
                0
            ]
        },
        {
            "복숭아_백도(10개)": [
                23275,
                22265
            ]
        },
        {
            "포도_캠벨얼리(1kg)": [
                10563,
                16033
            ]
        },
        {
            "포도_거봉(2kg)": [
                29825,
                39387
            ]
        },
        {
            "포도_MBA(1kg)": [
                0,
                0
            ]
        },
        {
            "포도_샤인머스켓(2kg)": [
                39533,
                60164
            ]
        },
        {
            "포도_레드글로브 페루(1kg)": [
                0,
                0
            ]
        },
        {
            "감귤_노지(10개)": [
                0,
                0
            ]
        },
        {
            "감귤_시설(10개)": [
                0,
                0
            ]
        },
        {
            "단감_단감(10개)": [
                0,
                0
            ]
        },
        {
            "바나나_수입(100g)": [
                309,
                340
            ]
        },
        {
            "참다래_그린 뉴질랜드(10개)": [
                8188,
                8928
            ]
        },
        {
            "참다래_국산(10개)": [
                0,
                0
            ]
        },
        {
            "파인애플_수입(1개)": [
                5928,
                5985
            ]
        },
        {
            "오렌지_네이블 미국(10개)": [
                0,
                0
            ]
        },
        {
            "오렌지_네이블 호주(10개)": [
                0,
                0
            ]
        },
        {
            "레몬_수입(10개)": [
                7349,
                9882
            ]
        },
        {
            "체리_수입(100g)": [
                2255,
                2926
            ]
        },
        {
            "건포도_수입(100g)": [
                0,
                0
            ]
        },
        {
            "건블루베리_수입(100g)": [
                0,
                0
            ]
        },
        {
            "망고_수입(1개)": [
                0,
                0
            ]
        },
        {
            "고등어_생선(1마리)": [
                3438,
                3515
            ]
        },
        {
            "고등어_냉동(1마리)": [
                0,
                0
            ]
        },
        {
            "고등어_염장(2마리)": [
                3430,
                4940
            ]
        },
        {
            "꽁치_냉동(수입)(5마리)": [
                6482,
                5942
            ]
        },
        {
            "갈치_생선(1마리)": [
                5000,
                7278
            ]
        },
        {
            "갈치_냉동(1마리)": [
                5250,
                4515
            ]
        },
        {
            "명태_냉동(1마리)": [
                0,
                0
            ]
        },
        {
            "물오징어_생선(1마리)": [
                0,
                0
            ]
        },
        {
            "물오징어_냉동(1마리)": [
                0,
                0
            ]
        },
        {
            "건멸치_건멸치(100g)": [
                1961,
                3364
            ]
        },
        {
            "건오징어_건오징어(10마리)": [
                53813,
                71085
            ]
        },
        {
            "김_마른김(10장)": [
                851,
                1333
            ]
        },
        {
            "김_얼구운김(10장)": [
                1020,
                2012
            ]
        },
        {
            "건미역_건미역(100g)": [
                1894,
                3713
            ]
        },
        {
            "굴_굴(1kg)": [
                0,
                0
            ]
        },
        {
            "수입조기_부세수입(냉동)(1마리)": [
                3615,
                4015
            ]
        },
        {
            "새우젓_새우젓(1kg)": [
                15360,
                22972
            ]
        },
        {
            "멸치액젓_멸치액젓(1kg)": [
                5359,
                5067
            ]
        },
        {
            "굵은소금_굵은소금(5kg)": [
                7769,
                13386
            ]
        },
        {
            "전복_전복(5마리)": [
                14825,
                15979
            ]
        },
        {
            "새우_흰다리(수입)(10마리)": [
                4648,
                4691
            ]
        }
    ]
}