{
    "Result": [
        {
            "쌀_일반계(20kg)": [
                47900,
                49900
            ]
        },
        {
            "쌀_햇일반계(20kg) ": [
                0,
                0
            ]
        },
        {
            "찹쌀_일반계(1kg)": [
                4160,
                2950
            ]
        },
        {
            "콩_흰 콩(국산)(500g)": [
                4330,
                7485
            ]
        },
        {
            "팥_붉은 팥(국산)(500g)": [
                7330,
                10440
            ]
        },
        {
            "녹두_국산(500g)": [
                10600,
                0
            ]
        },
        {
            "고구마_밤(1kg)": [
                4500,
                7270
            ]
        },
        {
            "감자_수미(100g)": [
                305,
                445
            ]
        },
        {
            "배추_가을(1포기)": [
                0,
                0
            ]
        },
        {
            "배추_월동(1포기)": [
                0,
                0
            ]
        },
        {
            "배추_봄(1포기)": [
                0,
                0
            ]
        },
        {
            "배추_고랭지(1포기)": [
                7750,
                5480
            ]
        },
        {
            "양배추_양배추(1포기)": [
                4000,
                3835
            ]
        },
        {
            "시금치_시금치(1kg)": [
                0,
                0
            ]
        },
        {
            "상추_적(100g)": [
                1055,
                2325
            ]
        },
        {
            "상추_청(100g)": [
                1055,
                2660
            ]
        },
        {
            "얼갈이배추_얼갈이배추(1kg)": [
                2830,
                4005
            ]
        },
        {
            "갓_갓(1kg)": [
                0,
                0
            ]
        },
        {
            "수박_수박(1개)": [
                27100,
                24400
            ]
        },
        {
            "참외_참외(10개)": [
                18300,
                18315
            ]
        },
        {
            "오이_가시계통(10개)": [
                0,
                0
            ]
        },
        {
            "오이_다다기계통(10개)": [
                5830,
                12650
            ]
        },
        {
            "오이_취청(10개)": [
                0,
                19930
            ]
        },
        {
            "호박_애호박(1개)": [
                1040,
                1360
            ]
        },
        {
            "호박_쥬키니(1개)": [
                0,
                1480
            ]
        },
        {
            "토마토_토마토(1kg)": [
                4620,
                8825
            ]
        },
        {
            "딸기_딸기(100g)": [
                0,
                0
            ]
        },
        {
            "무_가을(1개)": [
                0,
                0
            ]
        },
        {
            "무_월동(1개)": [
                0,
                0
            ]
        },
        {
            "무_봄(1개)": [
                0,
                0
            ]
        },
        {
            "무_고랭지(1개)": [
                3310,
                2385
            ]
        },
        {
            "당근_무세척(1kg)": [
                2665,
                4390
            ]
        },
        {
            "열무_열무(1kg)": [
                2410,
                3820
            ]
        },
        {
            "건고추_화건(600g)": [
                12700,
                0
            ]
        },
        {
            "건고추_양건(600g)": [
                15200,
                0
            ]
        },
        {
            "풋고추_풋고추(100g)": [
                0,
                1790
            ]
        },
        {
            "풋고추_꽈리고추(100g)": [
                1055,
                2325
            ]
        },
        {
            "풋고추_청양고추(100g)": [
                995,
                1625
            ]
        },
        {
            "붉은고추_붉은고추(100g)": [
                750,
                1855
            ]
        },
        {
            "양파_양파(1kg)": [
                2120,
                2980
            ]
        },
        {
            "파_대파(1kg)": [
                2650,
                2860
            ]
        },
        {
            "파_쪽파(1kg)": [
                5500,
                11960
            ]
        },
        {
            "생강_국산(1kg)": [
                7000,
                11540
            ]
        },
        {
            "고춧가루_국산(1kg)": [
                27500,
                29800
            ]
        },
        {
            "미나리_미나리(100g)": [
                0,
                0
            ]
        },
        {
            "깻잎_깻잎(100g)": [
                1870,
                2660
            ]
        },
        {
            "피망_청(100g)": [
                0,
                1390
            ]
        },
        {
            "파프리카_파프리카(200g)": [
                1250,
                1490
            ]
        },
        {
            "멜론_멜론(1개)": [
                8660,
                9485
            ]
        },
        {
            "깐마늘(국산)_깐마늘(국산)(1kg)": [
                8850,
                16615
            ]
        },
        {
            "방울토마토_방울토마토(1kg)": [
                0,
                7990
            ]
        },
        {
            "방울토마토_대추방울토마토(1kg)": [
                6430,
                8300
            ]
        },
        {
            "참깨_백색(국산)(500g)": [
                16300,
                0
            ]
        },
        {
            "땅콩_국산(100g)": [
                2100,
                3380
            ]
        },
        {
            "느타리버섯_느타리버섯(100g)": [
                0,
                0
            ]
        },
        {
            "느타리버섯_애느타리버섯(100g)": [
                430,
                430
            ]
        },
        {
            "팽이버섯_팽이버섯(150g)": [
                530,
                615
            ]
        },
        {
            "새송이버섯_새송이버섯(100g)": [
                420,
                640
            ]
        },
        {
            "호두_수입(100g)": [
                1850,
                1685
            ]
        },
        {
            "아몬드_수입(100g)": [
                1400,
                1595
            ]
        },
        {
            "사과_후지(10개)": [
                20800,
                24980
            ]
        },
        {
            "사과_쓰가루(10개)": [
                0,
                0
            ]
        },
        {
            "사과_홍로(10개)": [
                0,
                0
            ]
        },
        {
            "배_신고(10개)": [
                41900,
                39750
            ]
        },
        {
            "배_원황(10개)": [
                0,
                0
            ]
        },
        {
            "복숭아_백도(10개)": [
                15200,
                20795
            ]
        },
        {
            "포도_캠벨얼리(1kg)": [
                9050,
                13900
            ]
        },
        {
            "포도_거봉(2kg)": [
                24500,
                35570
            ]
        },
        {
            "포도_MBA(1kg)": [
                0,
                0
            ]
        },
        {
            "포도_샤인머스켓(2kg)": [
                40200,
                57700
            ]
        },
        {
            "포도_레드글로브 페루(1kg)": [
                0,
                0
            ]
        },
        {
            "감귤_노지(10개)": [
                0,
                0
            ]
        },
        {
            "감귤_시설(10개)": [
                0,
                0
            ]
        },
        {
            "단감_단감(10개)": [
                0,
                0
            ]
        },
        {
            "바나나_수입(100g)": [
                285,
                345
            ]
        },
        {
            "참다래_그린 뉴질랜드(10개)": [
                6560,
                8840
            ]
        },
        {
            "참다래_국산(10개)": [
                0,
                0
            ]
        },
        {
            "파인애플_수입(1개)": [
                6250,
                6980
            ]
        },
        {
            "오렌지_네이블 미국(10개)": [
                0,
                0
            ]
        },
        {
            "오렌지_네이블 호주(10개)": [
                0,
                0
            ]
        },
        {
            "레몬_수입(10개)": [
                8870,
                9850
            ]
        },
        {
            "체리_수입(100g)": [
                2130,
                2635
            ]
        },
        {
            "건포도_수입(100g)": [
                0,
                0
            ]
        },
        {
            "건블루베리_수입(100g)": [
                0,
                0
            ]
        },
        {
            "망고_수입(1개)": [
                0,
                0
            ]
        },
        {
            "고등어_생선(1마리)": [
                0,
                0
            ]
        },
        {
            "고등어_냉동(1마리)": [
                0,
                0
            ]
        },
        {
            "고등어_염장(2마리)": [
                3000,
                0
            ]
        },
        {
            "꽁치_냉동(수입)(5마리)": [
                0,
                5750
            ]
        },
        {
            "갈치_생선(1마리)": [
                0,
                0
            ]
        },
        {
            "갈치_냉동(1마리)": [
                0,
                0
            ]
        },
        {
            "명태_냉동(1마리)": [
                0,
                0
            ]
        },
        {
            "물오징어_생선(1마리)": [
                0,
                0
            ]
        },
        {
            "물오징어_냉동(1마리)": [
                0,
                0
            ]
        },
        {
            "건멸치_건멸치(100g)": [
                1660,
                2845
            ]
        },
        {
            "건오징어_건오징어(10마리)": [
                59500,
                69715
            ]
        },
        {
            "김_마른김(10장)": [
                850,
                0
            ]
        },
        {
            "김_얼구운김(10장)": [
                900,
                1835
            ]
        },
        {
            "건미역_건미역(100g)": [
                2160,
                3090
            ]
        },
        {
            "굴_굴(1kg)": [
                0,
                0
            ]
        },
        {
            "수입조기_부세수입(냉동)(1마리)": [
                3330,
                3300
            ]
        },
        {
            "새우젓_새우젓(1kg)": [
                18300,
                23220
            ]
        },
        {
            "멸치액젓_멸치액젓(1kg)": [
                4660,
                5090
            ]
        },
        {
            "굵은소금_굵은소금(5kg)": [
                8080,
                15055
            ]
        },
        {
            "전복_전복(5마리)": [
                0,
                15540
            ]
        },
        {
            "새우_흰다리(수입)(10마리)": [
                5000,
                4900
            ]
        }
    ]
}